,context,closed_class
0,å°æ˜Ÿçš„æ…‹åº¦å°±æ˜¯åœ¨ç­‰å®¿ä¸»å°å“¥ï¼Œé€¸ä»¥å¾…å‹žï¼Œæº–å‚™å¯„ç”Ÿã€‚,çš„ã€€ å°±ã€€ æ˜¯ã€€ åœ¨ã€€ ï¼Œã€€ ï¼Œã€€ ã€‚ã€€
1,ä¸­è¯ã€é å‚³ï¼Œè“‹ä¸€åº§æ‹†ä¸€åº§,ã€ã€€ ï¼Œã€€
2,å¹¹â‹¯â‹¯â‹¯ éŽå…©å€‹æœˆçºŒç´„æˆ‘è¦æ›ä¸­è¯,å¹¹ã€€ â‹¯ã€€ â‹¯ã€€ â‹¯ã€€  ã€€ è¦ã€€
3,ç”¨éŽå¾Œï¼Œå…¨å°æ•´é«”è¨Šè™Ÿéƒ½ä¸éŒ¯çš„é‚„æ˜¯åŸºåœ°å°æœ€å¤šçš„ä¸­è¯,éŽã€€ ï¼Œã€€ éƒ½ã€€ çš„ã€€ é‚„ã€€ æ˜¯ã€€ çš„ã€€
4,ä¸çŸ¥é“æ›æˆä¸­è¯æœƒä¸æœƒå¥½ä¸€é»ž,ä¸ã€€ æœƒä¸æœƒã€€ ä¸€é»žã€€
5,å—æ©«å…¬è·¯å¾žæ¢…å±±å£åˆ°é•·æ˜¥ç¥ åªæœ‰ä¸­è¯é›»ä¿¡æœ‰è¨Šè™Ÿ,å¾žã€€ åˆ°ã€€ åªæœ‰ã€€
6,ä¸­è¯é›»ä¿¡æ€Žéº¼ä¸æ˜¯8Gï¼Œé‚„åœ¨æž4G,æ€Žéº¼ã€€ ä¸ã€€ æ˜¯ã€€ ï¼Œã€€ é‚„ã€€ åœ¨ã€€ Gã€€
7,ä¸çŸ¥é“å¤šå°‘å°æ˜ŸLMçš„ç”¨æˆ¶åœ¨æ–é ­ ,ä¸ã€€ LMã€€ çš„ã€€ åœ¨ã€€  ã€€
8,ä¸­è¯é›»ä¿¡ æ°¸é è¡¨åœ¨æœ€å‰é¢ , ã€€ æ°¸é ã€€ åœ¨ã€€ æœ€å‰é¢ã€€  ã€€
9,å»ºè­°é¸ä¸­è¯ ä¸ç„¶åˆ¥å®¶æ™šä¸Šè‡ªå‹•é™é€Ÿå°±å¤ ä½ å—, ã€€ ä¸ç„¶ã€€ å°±ã€€
10,ä¸è¦ä¸­è¯ï¼Œè¦ä½”é »å¯¬åŽ»åˆ¥å®¶æ¯”è¼ƒä¾¿å®œ^_^ ,ä¸ã€€ ï¼Œã€€ è¦ã€€ æ¯”è¼ƒã€€ ^_^ ã€€
11,ä½ å€‘å®¶éƒ½è€—è²»å¤šå°‘å¹´çš„å…‰é™°äº†ï¼Œä¾ç„¶æœªä¸Šæž¶ï¼,éƒ½ã€€ çš„ã€€ äº†ã€€ ï¼Œã€€ ä¾ç„¶ã€€ æœªã€€ ï¼ã€€
12,é€™å¹´é ­é‚„æœ‰äººåœ¨ç”¨1399ï¼Œé›£æ€ªä¸­è¯è³ºé£½é£½æ²’åœ¨æ€•,é‚„ã€€ åœ¨ã€€ ï¼Œã€€ é›£æ€ªã€€ æ²’ã€€ åœ¨ã€€
13,åªè¦åŽ»ä¸­è¯é›»ä¿¡ç¶²é ç™»å…¥å¸³å¯†ï¼Œå°±å¯ä»¥ç›´æŽ¥çºŒç´„ã€æ”¹ è³‡è²»ã€æ”¹æœƒå“¡è³‡æ–™ï¼Œå®Œå…¨ä¸éœ€è¦å…¶ä»–èªè­‰ï¼Œç„¶å¾Œä¸­è¯é›»ä¿¡é‚„è‡ª èªé€™éº¼å¯¬é¬†çš„æµç¨‹æ²’å•é¡Œ ,åªè¦ã€€ ï¼Œã€€ å°±ã€€ å¯ä»¥ã€€ ã€ã€€  ã€€ ã€ã€€ ï¼Œã€€ å®Œå…¨ã€€ ä¸ã€€ ï¼Œã€€ ç„¶å¾Œã€€ é‚„ã€€ è‡ª ã€€ é€™éº¼ã€€ çš„ã€€  ã€€
14,æœ‰äº›é›»è©±æ‰“ä¾† ä½ ä¹Ÿæ²’ç­”æ‡‰ ä»–é‚„æœƒè‡ªå·±å¹«ä½ çºŒ, ã€€ ä¹Ÿã€€ æ²’ã€€  ã€€ é‚„ã€€ æœƒã€€ å¹«ã€€ çºŒã€€
15,ä¸­è¯æ²’æœ‰è®“æˆ‘å¤±æœ›æ‹¿åˆ°æœ€å¤šæŽ¥ä¸‹ä¾†å°±æ˜¯ç­‰å…­æœˆé–‹å°äº†é¦–æ³¢è§€æœ›OKçš„è©±æœƒæƒ³è¾¦ ,æ²’æœ‰ã€€ æŽ¥ä¸‹ä¾†ã€€ å°±æ˜¯ã€€ ç­‰ã€€ äº†ã€€ OKã€€ çš„è©±ã€€ æœƒã€€  ã€€
16,ä¸­è¯é›»ä¿¡è·ŸæŽ¨ç‰¹æœ‰ä»‡å—Žï¼Ÿåˆ°æ™šä¸Šéƒ½æœƒæ‰“ä¸é–‹åœ–â‹¯,è·Ÿã€€ å—Žã€€ ï¼Ÿã€€ åˆ°ã€€ éƒ½ã€€ æœƒã€€ ä¸ã€€ â‹¯ã€€
17, èˆ‡å…¶1é–€ä¸­è¯ç„¡é™é€Ÿ æˆ‘å¯§é¡˜è¾¦4å®¶4é–€æœ‰é™é€Ÿåƒåˆ°é£½ , ã€€ èˆ‡ã€€  ã€€  ã€€
18,ç„¡è«–é«˜å±±ã€å³½è°·éƒ½ä¸æœƒæ²’è¨Šè™Ÿ,ç„¡è«–ã€€ ã€ã€€ éƒ½ã€€ ä¸æœƒã€€
19, äºžå¤ªç•¶ç„¶ä¸ç”¨èªªï¼Œç•¶åœ°æ²’é–€å¸‚ä¹Ÿæ²’äººè¾¦, ã€€ ç•¶ç„¶ã€€ ä¸ç”¨ã€€ ï¼Œã€€ ä¹Ÿã€€
20,ä½ çœ‹çœ‹ä¸­è¯é›»ä¿¡åƒåˆ°é£½ æœ‰é™åˆ¶å®¢äººä¸Šç¶²æµé‡å—Ž? çŽ©ä¸èµ·å°±ä¸è¦æŽ¨å‡ºåƒåˆ°é£½ , ã€€ å—Žã€€ ?ã€€  ã€€ å°±ã€€ ä¸è¦ã€€ åˆ°ã€€  ã€€
21,"ä¸­è¯çµ¦ äº†æˆ‘ç¸®æ°´é€šè©±çš„499çºŒç´„æ–¹æ¡ˆ,æˆ‘å°±ä¸æƒ³çºŒç´„äº†,ä½•æ³ä½ é‚„æ˜¯699æ‰æœ‰åƒåˆ°é£½"," ã€€ äº†ã€€ çš„ã€€ ,ã€€ å°±ã€€ ä¸ã€€ äº†ã€€ ,ã€€ ä½•æ³ã€€ é‚„æ˜¯ã€€ æ‰ã€€"
22,HTML5éŠæˆ²ï¼šä½ é€£æˆ‘éƒ½è·‘ä¸å‹•äº†é‚„è¦è·‘é›²ç«¯ ,HTML5ã€€ ï¼šã€€ é€£ã€€ éƒ½ã€€ äº†ã€€ é‚„ã€€ è¦ã€€  ã€€
23,ä¸­è¯>>>é å‚³>>>>>>>>>å°æ˜Ÿ>>>>>>å°å“¥>>>>äºžå¤ª ,>>>ã€€ >>>>>>>>>ã€€ >>>>>>ã€€ >>>>ã€€  ã€€
24,å¦‚æžœä½ æ˜¯è‚¡æ°‘ ç•¶ç„¶ç§’é¸ç²åˆ©çŽ‹ å¦‚æžœä½ æƒ³è¦ç¶²é€Ÿ.... ,å¦‚æžœã€€ æ˜¯ã€€  ã€€ ç•¶ç„¶ã€€  ã€€ å¦‚æžœã€€ ...ã€€ .ã€€  ã€€
25,ç›¤å­æ²’å·® ç¹¼çºŒç”¨å°å“¥,æ²’ã€€  ã€€
26,å°ˆå¿ƒç¶“ç‡Ÿé›»å•†å§ï¼Œ ç²åˆ©çŽ‹ã€‚çµ‚ç”Ÿä¸ç”¨å°èƒŽ,å§ã€€ ï¼Œã€€  ã€€ ã€‚ã€€ ä¸ç”¨ã€€
27,"NPä¾†ä¸­è¯çš„æ–°å®¢æˆ¶å¯ä»¥è¾¦488,è´ˆé€çš„é€šè©±æ¯”å¯ä»¥çºŒç´„çš„499é‚„å¥½,è€Œä¸ç®¡ä½ ä¸­è¯å¹´è³‡å¤šå°‘,å°±æ˜¯ä¸ç¬¦åˆ ï¼æ‰€ä»¥ä¸çˆ½ä¹‹ä¸‹å°±æ”¾æ£„ä¸­è¯äº†ï¼","NPã€€ çš„ã€€ å¯ä»¥ã€€ ,ã€€ çš„ã€€ æ¯”ã€€ å¯ä»¥ã€€ çš„ã€€ ,ã€€ è€Œã€€ ä¸ç®¡ã€€ ,ã€€ å°±æ˜¯ã€€ ä¸ã€€  ã€€ ï¼ã€€ æ‰€ä»¥ã€€ ä¸ã€€ å°±ã€€ äº†ã€€ ï¼ã€€"
28," ç›´æŽ¥çºŒç´„488ä¸è¡Œå—Žï¼Ÿé‚„è¦æ”¾æ£„ä¸­è¯å‡ºåŽ»NPå†å›žä¾†è¾¦488ï¼é€™å€‹æˆ‘åšä¸åˆ°,ä¹Ÿä¸æƒ³é€™æ¨£åšå°±æ˜¯ æ¯”ä½ å¤šç”¨è…¦,æ‰€ä»¥æˆ‘è¾¦é€™å€‹æ¯”è¼ƒçœï¼ç”¨äº†äºŒåå¹¾å¹´ä¸­è¯,æˆ‘ä¹Ÿä¸æœƒæ­»å®ˆè‘—ä¸­è¯ï¼ "," ã€€ å—Žã€€ ï¼Ÿã€€ é‚„è¦ã€€ NPã€€ å†ã€€ ï¼ã€€ ä¸ã€€ ,ã€€ ä¹Ÿã€€ ä¸ã€€ å°±ã€€ æ˜¯ã€€  ã€€ æ¯”ã€€ å¤šã€€ ç”¨ã€€ ,ã€€ æ‰€ä»¥ã€€ æ¯”è¼ƒã€€ ï¼ã€€ äº†ã€€ ,ã€€ ä¹Ÿã€€ ä¸æœƒã€€ è‘—ã€€ ï¼ã€€  ã€€"
29,å„ªæƒ ? æœ‰æ¯”è¼ƒå¥½æ‰èƒ½èªªæ˜¯å„ªæƒ ,?ã€€  ã€€ æ¯”è¼ƒã€€ æ‰ã€€ èƒ½ã€€ æ˜¯ã€€
30,ä¸Šæ¬¡ä¹Ÿæ˜¯ä¾†é›»ï¼‚æé†’ï¼‚åˆç´„å°‡åˆ°æœŸï¼Œï¼‚å¥½å¿ƒï¼‚ æé†’æˆ‘æå‰çºŒç´„å¯ä»¥æ‹¿åˆ°699åƒåˆ°é£½ï¼Œä¸ç„¶å°±æœƒè®Šå›ž799å–”,ä¹Ÿã€€ æ˜¯ã€€ ï¼‚ã€€ ï¼‚ã€€ å°‡ã€€ ï¼Œã€€ ï¼‚ã€€ ï¼‚ã€€  ã€€ å¯ä»¥ã€€ ï¼Œã€€ ä¸ç„¶ã€€ å°±ã€€ æœƒã€€ å–”ã€€
31,è®“æˆ‘ä¹Ÿæœ‰äº†ã€Œæ„›æƒ…çš„æ¨¡æ¨£ã€â¤ï¸ ,ä¹Ÿã€€ äº†ã€€ ã€Œã€€ çš„ã€€ ã€ã€€ â¤ï¸ã€€  ã€€
32,è¦äººå‡ç´šï¼Ÿï¼Ÿ ä¸­è¯éº»ç…©å…ˆçœ‹çœ‹è‡ªå·±é‚£ä»€éº¼åƒ¹æ ¼è·Ÿæµé‡å¤§å° ,è¦ã€€ ï¼Ÿã€€ ï¼Ÿã€€ å…ˆã€€ è·Ÿã€€  ã€€
33,æˆ‘OKï¼Œä½ å…ˆä¾†ã€‚,ï¼Œã€€ å…ˆã€€ ã€‚ã€€
34,ç¹³1399åƒåˆ°é£¯ç†±é»žé‚„è¦è¢«é™é€Ÿæ¯”4Gæ…¢é¬¼æ‰è½‰5G,é‚„è¦ã€€ è¢«ã€€ æ¯”ã€€ æ‰ã€€
35,ä¸€ç”Ÿä¸€æ¬¡çš„äºžå¤ª ç„¡æ”¶è¨Š æ²’ç¶²è·¯ å†ä¾¿å®œä¹Ÿç„¡ç”¨--,çš„ã€€  ã€€  ã€€  ã€€ å†ã€€ ä¹Ÿã€€ --ã€€
36,åˆä¸ä¾†ä¿ƒéŠ·ä¸€ä¸‹ç­‰å¾ˆä¹…,åˆã€€ ä¸ã€€ ä¾†ã€€ å¾ˆã€€
37,å•é¡Œæ˜¯å°å“¥å¤§å¾ˆçˆ›å‘€ï¼ï¼ï¼ ,æ˜¯ã€€ å¾ˆã€€ å‘€ã€€ ï¼ã€€ ï¼ã€€ ï¼ã€€  ã€€
38,èˆ‡å…¶è¾¦é€™å€‹ ä¸å¦‚ç­‰äºžå¤ª11å…ƒæ–¹æ¡ˆ,èˆ‡å…¶ã€€  ä¸å¦‚ã€€ ç­‰ã€€
39,å¾žèƒŽå“¥è·³å°æ˜Ÿ çˆ½ç”¨ ,å¾žã€€  ã€€  ã€€
40,æ‡¶å¾—è©¦ç”¨å°±é¸ä¸­è¯ç©©å¦¥ä¸€é»ž,å°±ã€€ ä¸€é»žã€€
41,å°å“¥ä¸æŽ¨,ä¸ã€€
42,ä¸­è¯æ™®éç©©,
43,å°æ˜Ÿçœ‹åœ°å€,
44,ä¸­è¯å®¤å…§å¯èƒ½æœƒé€£æ”¶éƒ½æ”¶ä¸åˆ° ,å¯èƒ½ã€€ æœƒã€€ é€£ã€€ éƒ½ã€€ ä¸ã€€  ã€€
45,ç•¶ç„¶æ˜¯ä¸­è¯,ç•¶ç„¶ã€€ æ˜¯ã€€
46,ä¸­è¯>å°æ˜Ÿ>>>>>>>>>å°å“¥,>ã€€ >>>>>>>>>ã€€
47,"æ–¹ä¾¿åˆè¿…é€Ÿï¼
Good!","åˆã€€ ï¼ã€€ 
Goodã€€ !ã€€"
48,ä½ åˆ°åº•åœ¨ä¸åœ¨æ„é€šè©±åˆ†é˜ï¼Ÿåœ¨æ„çš„è©±åˆ¥æŠŠæŠŠé å‚³3 19æ‹‰é€²ä¾†è¨Žè«– ,åˆ°åº•ã€€ ï¼Ÿã€€ çš„ã€€ åˆ¥ã€€ æŠŠã€€ æŠŠã€€  ã€€
49,è¦ºå¾—myvideoæ¯”è¼ƒå¥½ç”¨,myvideoã€€ æ¯”è¼ƒã€€
50,ä¸æŽ¨ä¸­è¯+1ä¸€é€²æˆ¿é–“ç›´æŽ¥è·³æ²’æœ‰è¨Šè™Ÿ^_^ ,ä¸ã€€ +1ã€€ ä¸€ã€€ ^_^ã€€  ã€€
51,ä¸­è¯ä¹Ÿä¸å¥½,ä¹Ÿã€€ ä¸ã€€
52,æƒ³æ—©é»žé«”é©—5Gç¶² è·¯çš„è©±å°±å¾—æº–å‚™ä¸å°‘çš„éŠ€å½ˆäº†ã€‚,æ—©é»žã€€ 5Gç¶²ã€€  è·¯ã€€ çš„è©±ã€€ å°±ã€€ å¾—ã€€ çš„ã€€ äº†ã€€ ã€‚ã€€
53,é‚„å¥½å°ç£ä¹‹æ˜Ÿæœ‰æ’ä½ðŸ˜ðŸ˜ ,é‚„å¥½ã€€ ä¹‹ã€€ ðŸ˜ðŸ˜ ã€€
54,é€™ä¸€åƒå¤šå„„å¦‚èƒ½æ‹¿ä¾†å¢žè¨­åŠå„ªåŒ–4GåŸºåœ°å°è®“æ¶µè“‹çŽ‡æå‡å¢žåŠ ä¸Šç¶²é«”é©—æœƒä¸æœƒæ¯”æ–°å»º5Gæ›´å¥½å‘¢ï¼Ÿ,å¦‚ã€€ èƒ½ã€€ åŠã€€ æœƒä¸æœƒã€€ æ¯”ã€€ æ›´ã€€ å‘¢ã€€ ï¼Ÿã€€
55,æ‰“é›»è©±åŽ»ä¸­è¯é›»ä¿¡ å®¢æœçœ‹å¥¹å€‘æœ‰ä»€éº¼æ–¹æ¡ˆï¼Ÿç¬¬ä¸€å€‹å®¢æœèªªå¥¹çœ‹ä¸åˆ°æˆ‘éŽåŽ»å¹¾å€‹æœˆçš„ç”¨é‡ï¼Œç›´æŽ¥å»ºè­°æˆ‘ç”¨999æ–¹æ¡ˆã€‚æˆ‘å•å¥¹æœ‰æ²’æœ‰ä¾¿å®œä¸€é»žçš„ï¼Ÿå¥¹èªªæœ‰79 9ã€‚æˆ‘æ‰“åŽ»å°ç£å¤§å“¥å¤§å®¢æœï¼Œå¥¹å€‘ç›´æŽ¥èªª499ä¸é™é€Ÿã€‚æœƒé¦¬ä¸Šè«‹å®¢æœå§Simå¡å’Œåˆç´„æ›¸ç”¨é»‘è²“å¯„çµ¦æˆ‘ã€‚ æˆ‘åˆæ‰“å›žä¸­è¯é›»ä¿¡çœ‹æœ‰æ²’æœ‰ å¾—å•†é‡ï¼Œå¥¹èªªè¦è«‹ç¤ºä¸»ç®¡ã€‚ä¸€å°æ™‚å¾Œæœ‰äººæ‰“ä¾†äº†ï¼Œä¸­è¯é›»ä¿¡çµ¦20å¹´VIPè€å®¢æˆ¶æœ€å¥½çš„æ–¹æ¡ˆæ˜¯599ï¼Œç„¶å¾Œå†è«‡å¥¹èªªå¯ä»¥å†é€ç¬¬ä¸€å¹´æ¯ æœˆ100å…ƒé€šè©±è²».....ç¬¬äºŒå¹´å‘¢ï¼Ÿå¥¹èªªæŠ±æ­‰äº†...åƒå®šè€å®¢æˆ¶çš„å¿ èª åº¦ï¼ å¤§å®¶ä¸€èµ·Bye byeå§ä¸­è¯é›»ä¿¡...., ã€€ ï¼Ÿã€€ ä¸ã€€ çš„ã€€ ï¼Œã€€ ç”¨ã€€ ã€‚ã€€ æ²’æœ‰ã€€ ä¸€é»žã€€ çš„ã€€ ï¼Ÿã€€ ã€‚ã€€ ï¼Œã€€ ä¸ã€€ ã€‚ã€€ æœƒã€€ é¦¬ä¸Šã€€ å§ã€€ Simå¡ã€€ å’Œã€€ ç”¨ã€€ ã€‚ã€€  ã€€ åˆã€€ æ²’æœ‰ã€€  ã€€ å¾—ã€€ ï¼Œã€€ è¦ã€€ ã€‚ã€€ äº†ã€€ ï¼Œã€€ VIPã€€ æœ€ã€€ çš„ã€€ æ˜¯ã€€ ï¼Œã€€ ç„¶å¾Œã€€ å†ã€€ å¯ä»¥ã€€ å†ã€€  ã€€ ....ã€€ .ã€€ å‘¢ã€€ ï¼Ÿã€€ äº†ã€€ ..ã€€ .ã€€ çš„ã€€ ï¼ã€€  ã€€ ä¸€èµ·ã€€ Byeã€€  byeã€€ å§ã€€ ...ã€€ .ã€€
56,æ‰$499åƒåˆ°é£½ä¸é™é€Ÿä½ å°±æ»¿è¶³å›‰~~~é‚£å¦‚æžœä½ çŸ¥é“å°å“¥å¤§é å‚³å·²ç¶“å¾ˆå¤š$299åƒåˆ°é£½ä¸é™é€Ÿä¸çŸ¥é“ä½œä½•æ„Ÿæƒ³~~~,æ‰ã€€ ä¸ã€€ å°±ã€€ å›‰ã€€ ~~~ã€€ é‚£ã€€ å¦‚æžœã€€ å·²ç¶“ã€€ ä¸ã€€ ä¸ã€€ ~~~ã€€
57,æ‰$499åƒåˆ°é£½ä¸é™é€Ÿä½ å°±æ»¿è¶³å›‰~~~é‚£å¦‚æžœä½ çŸ¥é“å°å“¥å¤§é å‚³å·²ç¶“å¾ˆå¤š$299åƒåˆ°é£½ä¸é™é€Ÿä¸çŸ¥é“ä½œä½•æ„Ÿæƒ³~~~,æ‰ã€€ ä¸ã€€ å°±ã€€ å›‰ã€€ ~~~ã€€ é‚£ã€€ å¦‚æžœã€€ å·²ç¶“ã€€ ä¸ã€€ ä¸ã€€ ~~~ã€€
58,ä¸­è¯çš„ä¸»åŠ›æ‡‰è©²éƒ½æ˜¯è»å…¬æ•™å§ å®ƒå€‘åªæœ‰è»å…¬æ•™å°ˆæ¡ˆï¼Œå…¶ä»–æ‰ä¸é³¥ä½ å’§,çš„ã€€ æ‡‰è©²ã€€ éƒ½ã€€ æ˜¯ã€€ å§ã€€  ã€€ åªã€€ ï¼Œã€€ æ‰ã€€ ä¸ã€€ å’§ã€€
59,ç‚ºä»€éº¼ä½ æœƒè¦ºå¾—å°å“¥å¤§499åƒåˆ°é£½ç®—å¾ˆä¾¿å®œðŸ¤”ðŸ¤”,ç‚ºä»€éº¼ã€€ æœƒã€€ å¾ˆã€€ ðŸ¤”ã€€ ðŸ¤”ã€€
60,æ”¶ä¸åˆ°è¨Šè™Ÿï¼Œçµ¦ä½ åƒåˆ°æ’ä¹Ÿæ²’ç”¨ã€‚ ,ä¸ã€€ ï¼Œã€€ çµ¦ã€€ åˆ°ã€€ ä¹Ÿã€€ ã€‚ã€€  ã€€
61,æ”¶ä¸åˆ°è¨Šè™Ÿï¼Œçµ¦ä½ åƒåˆ°æ’ä¹Ÿæ²’ç”¨ã€‚,ä¸ã€€ ï¼Œã€€ çµ¦ã€€ åˆ°ã€€ ä¹Ÿã€€ ã€‚ã€€
62,åˆ°å¹¾å¹´å‰3Gè¦å‡ç´šæˆ4Gæ™‚ï¼›åŒæ¨£1Gæµé‡çš„åˆç´„ï¼Œ æ–°ç”³è¾¦/æ”œç¢¼åªè¦299ï¼›æˆ‘è€å®¢æˆ¶ç¡¬æ˜¯è¦399ï¼ æ‰“é›»è©±åŽ»æºé€šäº†å¾ˆä¹…æœ€å¾Œæ‰å¹«æˆ‘æ¸›å…æˆ333ï¼Œå¾žé‚£æ¬¡å¾Œæˆ‘å°±é–‹å§‹è·³ä¾†è·³åŽ»ã€‚ ä¹‹å‰æˆ‘ç›´æŽ¥åœ¨é–€å¸‚è·Ÿåº—å“¡èªªï¼šã€Œåæ­£è€å®¢æˆ¶å°±æ˜¯å»¢ç‰©ï¼Œæ°¸é æ¯”ä¸ä¸Šæ–°å®¢æˆ¶ã€‚ã€ åº—å“¡ç›´æŽ¥èªªä¸å‡ºè©±ã€‚æƒ³äº†å¾ˆä¹…æ‰æ“ å‡ºï¼šã€Œå¯æ˜¯è€å®¢æˆ¶å…é«˜é¡é ç¹³é‡‘å•Šï¼ã€ æˆ‘ç›´æŽ¥è·Ÿä»–èªªï¼šã€Œæˆ‘æ‰‹æ©Ÿéƒ½è²·ç©ºæ©Ÿäº†ï¼Œæœ‰ä»€éº¼é ç¹³é‡‘è¦ç¹³ï¼ã€ ç•¶æ™‚çœŸçš„è¦ºå¾—é€™å€‹å¸‚å ´éƒ½æœ‰ç—…ï¼ ,åˆ°ã€€ è¦ã€€ ï¼›ã€€ åŒæ¨£ã€€ çš„ã€€ ï¼Œã€€  ã€€ æ–°ã€€ /ã€€ åªè¦ã€€ ï¼›ã€€ ç¡¬æ˜¯ã€€ ï¼ã€€  ã€€ åŽ»ã€€ äº†ã€€ å¾ˆã€€ æ‰ã€€ å¹«ã€€ ï¼Œã€€ å¾žã€€ å°±ã€€ ã€‚ã€€  ã€€ åœ¨ã€€ è·Ÿã€€ ï¼šã€€ ã€Œã€€ åæ­£ã€€ å°±ã€€ æ˜¯ã€€ ï¼Œã€€ æ°¸é ã€€ ã€‚ã€€ ã€ã€€  ã€€ ä¸ã€€ ã€‚ã€€ äº†ã€€ å¾ˆã€€ æ‰ã€€ ï¼šã€€ ã€Œã€€ å¯æ˜¯ã€€ å•Šã€€ ï¼ã€€ ã€ã€€  ã€€ è·Ÿã€€ ï¼šã€€ ã€Œã€€ éƒ½ã€€ äº†ã€€ ï¼Œã€€ è¦ã€€ ï¼ã€€ ã€ã€€  ã€€ çœŸçš„ã€€ éƒ½ã€€ ï¼ã€€  ã€€
63,å…ˆåˆ¥æ€¥è‘—çºŒç´„ä¸­è¯499æˆ‘ç›¸ ä¿¡å°å“¥å¤§èˆ‡é å‚³è‚¯å®šæœƒå°åƒ¹æ ¼å‡ºå¥‡æ‹›! ,å…ˆã€€ åˆ¥ã€€ è‘—ã€€ ç›¸ã€€  ä¿¡ã€€ èˆ‡ã€€ æœƒã€€ å°ã€€ !ã€€  ã€€
64,é å‚³å¡å¥½å¹¾å€‹æœˆäº†,äº†ã€€
65,"ä½†å¿…é ˆæ¯6å€‹æœˆå„²å€¼1 00æ‰èƒ½ä¿ç•™çºŒç”¨,è€Œä¸”å‡ºåœ‹é‚„æ²’è¾¦æ³•æ¼«æ¸¸","ä½†ã€€ å¿…é ˆã€€ æ‰ã€€ èƒ½ã€€ ,ã€€ è€Œä¸”ã€€ é‚„ã€€"
66,ä¸é™é€Ÿçš„4Géƒ½åšä¸åˆ°,ä¸ã€€ çš„ã€€ éƒ½ã€€ ä¸ã€€
67,æ°¸é éƒ½ä¸æœƒé”åˆ°æ¨™æº–å€¼ï¼Œç•¶åˆ4Gä¹Ÿæ˜¯é€™æ¨£å¹ç‰›B ,æ°¸é ã€€ éƒ½ã€€ ä¸æœƒã€€ ï¼Œã€€ ä¹Ÿã€€ æ˜¯ã€€ Bã€€  ã€€
68,"ä¸­è¯é›»ä¿¡å±±å€è¨Šè™Ÿä¸€å®šæ”¶çš„åˆ°æ˜¯èª°å‚³çš„è¬ è¨€?2gè¨Šè™Ÿå—Ž? æ—©å°±å»¢é™¤äº†,ä¸ç”¨ç¥žè©±ä¸­è¯é›»ä¿¡äº†! ","ä¸€å®šã€€ çš„ã€€ æ˜¯ã€€ çš„ã€€ ?ã€€ å—Žã€€ ?ã€€  ã€€ æ—©ã€€ å°±ã€€ äº†ã€€ ,ã€€ ä¸ç”¨ã€€ äº†ã€€ !ã€€  ã€€"
69,åªæœ‰é å‚³ï¼Œæ‰æœ‰è·é›¢ï¼ ,åªæœ‰ã€€ ï¼Œã€€ æ‰ã€€ ï¼ã€€  ã€€
70,ç«¶æ¨™æ˜¯å¸‚å ´æ©Ÿåˆ¶ï¼Œæ”¶è²»å°±è®Šæˆä¸æ˜¯äº†ã€‚é‚„æ˜¯äºžå¤ªè°æ˜Žï¼Œå°ˆæ”»é€šè©±ï¼Œ4Gä¸Šç¶²å°±å¥½,æ˜¯ã€€ ï¼Œã€€ å°±ã€€ æ˜¯ã€€ äº†ã€€ ã€‚ã€€ é‚„æ˜¯ã€€ ï¼Œã€€ ï¼Œã€€ å°±ã€€
71,æŽ¨é å‚³ï¼Œä¸­è¯ å…¶ä»–è·Ÿå±Žä¸€æ¨£ ,ï¼Œã€€  ã€€ è·Ÿã€€  ã€€
72,æ¯æ¬¡éƒ½æ„Ÿæ‡‰ä¸åˆ°å“ˆå“ˆ è»Šé•·æœ€å¾Œéƒ½ç›´ (æŽ¥æƒ³èªªæˆ‘ç®—äº†) æŽ¥æƒ³èªªæˆ‘ç®—äº† ,éƒ½ã€€ ä¸ã€€ åˆ°ã€€ å“ˆå“ˆã€€  ã€€ éƒ½ã€€  ã€€ (ã€€ )ã€€  ã€€ æŽ¥ã€€  ã€€
73,èè‹±ç‰ˆå‡ç´š10ä¹‹å¾Œæ„Ÿè¦ºå•é¡Œå¥½å¤šï¼Œ700mh zä¼¼ä¹Žä¹Ÿè¢«éŽ–èµ·ä¾†äº†...é™¤äº†å°æ˜Ÿè·Ÿä¸­è¯æ²’å½±éŸ¿ä¹‹å¤–å…¶ä»–é›»ä¿¡éƒ½å¾ˆå¤§,ï¼Œã€€ mh zã€€ ä¼¼ä¹Žã€€ ä¹Ÿã€€ è¢«ã€€ èµ·ä¾†ã€€ äº†ã€€ ..ã€€ .ã€€ é™¤äº†ã€€ è·Ÿã€€ æ²’ã€€ éƒ½ã€€ å¾ˆã€€
74,ä¸ƒå µæ³°å®‰å€è¨Šè™Ÿå¾ˆå·®é‚„å¥½æœ‰ä¸­è¯é›»ä¿¡çš„ç¶²è·¯åˆ†äº« ,å¾ˆã€€ é‚„å¥½ã€€ çš„ã€€  ã€€
75,æˆ‘å¤©å¤©çœ‹è‘—å¥¹å°æ‰‹æ©Ÿå’†å“®,å¤©å¤©ã€€ è‘—ã€€ å°ã€€
76,çœ‹è‡‰æ›¸å¡.LINEä¹Ÿå¡.çœ‹Youtubeæ›´å¡.åæ‡‰ä¹Ÿæ²’æ•ˆæžœ,.ã€€ LINEã€€ ä¹Ÿã€€ .ã€€ Youtubeã€€ æ›´ã€€ .ã€€ ä¹Ÿã€€
77,ä¸åˆ°2 ç§’å°±è¼‰å…¥å®Œæˆã€‚é›–ç„¶æ²’æœ‰ç®—çš„é‚£éº¼ç²¾æº–å•¦ðŸ¤£ä¸éŽçœŸçš„æœ‰æ„Ÿæå‡ï¼,åˆ°ã€€ å°±ã€€ ã€‚ã€€ é›–ç„¶ã€€ æ²’æœ‰ã€€ çš„ã€€ é‚£éº¼ã€€ å•¦ã€€ ðŸ¤£ã€€ ä¸éŽã€€ çœŸçš„ã€€ ï¼ã€€
78,çœ¾ç¶²å‹è¡¨ç¤ºï¸°å±±è…³ä¸‹æ‰¾æ‰¾çœ‹ï¼Ÿ ,ï¸°ã€€ çœ‹ã€€ ï¼Ÿã€€  ã€€
79, çœ¾ç¶²å‹è¡¨ç¤ºï¸°å±±è…³ä¸‹æ‰¾æ‰¾çœ‹ï¼Ÿ , çœ¾ã€€ ï¸°ã€€ çœ‹ã€€ ï¼Ÿã€€  ã€€
80,å¦‚æ„å¡é–€è™Ÿè¾¦äº†åå¹¾å¹´ã€‚å¥½åº·å®Œå…¨ç”¨ä¸åˆ°ã€‚ ,äº†ã€€ ã€‚ã€€ å®Œå…¨ã€€ ä¸ã€€ ã€‚ã€€  ã€€
81,ä¸­è¯è·Ÿå°æ˜Ÿçµ„åˆå¯èªªæˆ‘å¸¸åŽ»å±±å€é‹å‹•æ²’é‡åˆ°æ²’æ”¶è¿…çš„ ,è·Ÿã€€ å¯ã€€ å¸¸ã€€ æ²’ã€€ æ²’ã€€ çš„ã€€  ã€€
82,ä¸­è¯é…ä¸Šå°æ˜Ÿä¸æ€•é‡åˆ°æ²’æ”¶è¿… ,ä¸ã€€ è¿…ã€€  ã€€
83,é¸æ“‡é å‚³ä¸‹å ´å°±æ˜¯ã€Žåªæœ‰é å‚³æ²’æœ‰è¨Šè™Ÿã€ï¼ ,å°±ã€€ æ˜¯ã€€ ã€Žã€€ åªæœ‰ã€€ ã€ã€€ ï¼ã€€  ã€€
84,ä¿®å¾—å¿«å¥½éŽæ²’ä¿® ,å¾—ã€€ æ²’ã€€  ã€€
85,ç›¤å­è»åœ˜,
86,ä¸­è¯é™¤éžè¾¦æ„›é³³ä¸ç„¶çœŸçš„å¾ˆç›¤,é™¤éžã€€ ä¸ç„¶ã€€ çœŸçš„ã€€ å¾ˆã€€
87,å°å“¥è·Ÿä¸­è¯æˆ‘è¦ºå¾—æœ‰ç”¨å¿ƒåœ¨ç”¨å•¦ï¼Œå…¶ä»–å®¶...ä¸çŸ¥é“ ,è·Ÿã€€ åœ¨ã€€ å•¦ã€€ ï¼Œã€€ ...ã€€ ä¸ã€€  ã€€
88,469é™é€Ÿåƒåˆ°é£½å°±æ»¿å¤ ç”¨äº† ,åˆ°ã€€ å°±ã€€ äº†ã€€  ã€€
89,ä»¥å‰çˆ†å¹¹å¿«ä½†æœ€è¿‘æœ‰é»žæ…¢,ä½†ã€€ æœ‰é»žã€€
90,å¸¶ä½ é¾œé€Ÿä¸Šå±±ä¸‹æµ·,
91,éƒ½å¸‚ä¹‹ä¸­.å°ç£ä¹‹æ˜Ÿå·²è¶³ä»¥æ“ºå¹³çŸ£!! ,.ã€€ ä¹‹ã€€ å·²ã€€ çŸ£ã€€ !ã€€ !ã€€  ã€€
92,å“ªè£¡å¹³å‡ä¸éŒ¯?å¯ä»¥å‘Šè¨´æˆ‘å—Ž?,?ã€€ å¯ä»¥ã€€ å—Žã€€ ?ã€€
93,ä¸€å‘çµ¦äººæ„Ÿè¦ºè‰¯å¥½ï¼Œï¼Œå°±æ˜¯æ²’ä»€éº¼å„ªæƒ ä¿ƒéŠ·æ´»å‹•ã€‚ã€‚ã€‚ ,ä¸€å‘ã€€ ï¼Œã€€ ï¼Œã€€ å°±æ˜¯ã€€ ã€‚ã€€ ã€‚ã€€ ã€‚ã€€  ã€€
94, ä»–é‚„å˜´æˆ‘çš„æ‰‹æ©Ÿè¦æ›çš„ï¼Œ--é¦¬çš„--, ã€€ çš„ã€€ è¦ã€€ çš„ã€€ ï¼Œã€€ --ã€€ é¦¬çš„ã€€ --ã€€
95,åŒæ™‚ï¼Œæ—é‚Šçš„ä¸€ä½å¹´è¼•äºº ä¸€åä¸‹å°±ç›´æŽ¥èªªï¼šã€Œæˆ‘åœ¨ç¶²è·¯ä¸Šçœ‹åˆ°ä½ å€‘488çš„æ–¹æ¡ˆï¼Œä½ å€‘æœ‰é¦–å¹´-50è·Ÿå°ˆå“¡æŽ¨è–¦å—Žï¼Ÿã€æŽ¥è‘—å°±æ˜¯å°ˆå“¡çš„æ‰“å¤ªæ¥µï¼Œè¡¨æ˜Žæ²’æœ‰ä¹‹å¾Œä»–å°± é›¢é–‹äº†ï¼Œå¤§æ¦‚åŽ»ä¸‹ä¸€é–“è·‘å¤§åœ°å§xdæ—é‚Šçš„ç”·ç¶“ç†çœ‹ä»–ä¸€å‡ºåŽ»é¦¬ä¸Šå°±è·Ÿå°ˆå“¡å°å§èªªï¼šã€Œé˜¿ä½ åœ¨ç¶²è·¯ä¸Šçœ‹åˆ°388ä½ ä¸æœƒåœ¨ç¶²è·¯ä¸Šè¾¦å–”ï¼Ÿã€ è€å¯¦èªªé‚„æœ‰å…¶ä»–å®¢äººåœ¨çš„æƒ…æ³ä¸‹è¬›é€™éº¼å¤§è²æˆ‘è¦ºå¾—è§€æ„ŸæŒºä¸å¥½çš„ï¼Œç•¢ç«Ÿé‚£å€‹å¹´è¼•äººæ…‹åº¦ä¹Ÿæ²’æœ‰å¾ˆå·®ã€‚,ï¼Œã€€ çš„ã€€  ã€€ ä¸€ã€€ å°±ã€€ ï¼šã€€ ã€Œã€€ åœ¨ã€€ çš„ã€€ ï¼Œã€€ -50ã€€ è·Ÿã€€ å—Žã€€ ï¼Ÿã€€ ã€ã€€ æŽ¥è‘—ã€€ å°±ã€€ æ˜¯ã€€ çš„ã€€ ï¼Œã€€ å°±ã€€  ã€€ äº†ã€€ ï¼Œã€€ å¤§æ¦‚ã€€ åŽ»ã€€ å§ã€€ xdã€€ çš„ã€€ ä¸€ã€€ é¦¬ä¸Šã€€ å°±ã€€ è·Ÿã€€ ï¼šã€€ ã€Œã€€ åœ¨ã€€ ä¸æœƒã€€ åœ¨ã€€ å–”ã€€ ï¼Ÿã€€ ã€ã€€  ã€€ è€å¯¦èªªã€€ é‚„ã€€ çš„ã€€ é€™éº¼ã€€ æŒºã€€ ä¸ã€€ çš„ã€€ ï¼Œã€€ ç•¢ç«Ÿã€€ ä¹Ÿã€€ æ²’æœ‰ã€€ å¾ˆã€€ ã€‚ã€€
96,ä¸­è¯å¾ˆé † ,å¾ˆã€€  ã€€
97,é‚„æ˜¯ä¸­è¯é›»ä¿¡å¥½ï¼Œï¼Œå¤§å» ç‰Œæœ‰ä¿éšœï¼Œï¼Œä¸åƒé å‚³,é‚„æ˜¯ã€€ ï¼Œã€€ ï¼Œã€€ ï¼Œã€€ ï¼Œã€€ ä¸ã€€ åƒã€€
98,"è¦ä¸Šç¶²å°±æ˜¯ä¸­è¯,","è¦ã€€ å°±ã€€ æ˜¯ã€€ ,ã€€"
99,çµæžœä¸­è¯å®¢æœçš„å›žè¦†æ˜¯ï¸°æœ‰è«‹å·¥ç¨‹å¸«åŽ»æª¢æ¸¬é™„è¿‘è¨Šè™Ÿï¼Œè¨Šè™Ÿæ­£å¸¸ã€‚ç„¶å¾Œå°±æ²’ä¸‹è½äº†ã€‚ ,çµæžœã€€ çš„ã€€ æ˜¯ã€€ ï¸°ã€€ æœ‰ã€€ åŽ»ã€€ ï¼Œã€€ ã€‚ã€€ ç„¶å¾Œã€€ å°±ã€€ äº†ã€€ ã€‚ã€€  ã€€
100,ä½ è¦ºå¾—äºžå¤ªçš„å…¨é€Ÿèƒ½è·Ÿä¸­è¯çš„å…¨é€Ÿæ¯”,çš„ã€€ èƒ½ã€€ è·Ÿã€€ çš„ã€€ æ¯”ã€€
101,å¦‚æžœå¸‚è©±æ‰“å¾ˆå¤šçš„è©±ï¼Œå¯ä»¥åŠ  è¾¦å¸‚è©±å¥½ä¾¿å®œï¼Œæœˆç§Ÿ99å…ƒï¼Œå¸‚è©±æ¯3åˆ†é˜1.3å…ƒ,å¦‚æžœã€€ çš„è©±ã€€ ï¼Œã€€ å¯ä»¥ã€€  ã€€ å¥½ã€€ ï¼Œã€€ ï¼Œã€€
102,æˆ‘è¦è¬¹è¨˜4Gæ•™è¨“ä¸ä»˜5Gçš„éŒ¢ç„¶å¾Œé€£2Géƒ½æ”¶ä¸åˆ°ã€‚ä¸­è¯é å‚³è·Ÿå°å“¥å¤§éƒ½ä¸€æ¨£æ›´ä¸ç”¨è¬›ä¸€å †ä»€éº¼äºžå¤ªä¹‹é¡žçš„ã€‚,è¦ã€€ ä¸ã€€ çš„ã€€ ç„¶å¾Œã€€ éƒ½ã€€ ä¸ã€€ ã€‚ã€€ è·Ÿã€€ éƒ½ã€€ æ›´ã€€ ä¸ç”¨ã€€ ä¹‹é¡žã€€ çš„ã€€ ã€‚ã€€
103,ç¶²è·¯çœŸçš„æŽ›äº†ï¼Œå¥½åœ¨æˆ‘é‚„æœ‰å°æ˜Ÿ,çœŸçš„ã€€ äº†ã€€ ï¼Œã€€ å¥½åœ¨ã€€ é‚„ã€€
104,äºžå¤ª11å•Š,å•Šã€€
105,äºžå¤ª11,
106,äºžå¤ªåŠ è³¼$30é‚£å€‹,
107,é ä»˜å¡åŽ»å°å“¥å¤§,
108,é¸æ“‡ä¸­è¯é ä»˜å¡ï¼Œä¹Ÿæ˜¯è‘— çœ¼æ–¼æ”¶è¨Šï¼Œä»¥åŠç¶²å†…ç”¨æˆ·å¤šã€‚,ï¼Œã€€ ä¹Ÿã€€ æ˜¯ã€€ æ–¼ã€€ ï¼Œã€€ ä»¥åŠã€€ ã€‚ã€€
109,ä¸­è¯å¾ˆè²æˆˆæˆˆçš„åœ°æ–¹ï¼šéƒ½åƒåˆ°é£½äº†èª°é‚„æœƒç”¨WIFIâ€¦,å¾ˆã€€ çš„ã€€ ï¼šã€€ éƒ½ã€€ åˆ°ã€€ äº†ã€€ é‚„ã€€ æœƒã€€ WIFIâ€¦ã€€
110,"è½èªªé å‚³è·Ÿå° ç£å¤§å“¥å¤§å±±å€é‚„æ˜¯é éœä¸­è¯,","è·Ÿã€€ é‚„æ˜¯ã€€ é ã€€ ,ã€€"
111,ä¸‹æ¬¡çœ‹åˆ°ä¸€å®šé€šçŸ¥åˆæ°‘å€‘ä¸€èµ·åŽ»æ‹†æŽ‰ï¼ä¸­è¯ã€é å‚³ï¼Œè“‹ä¸€åº§æ‹†ä¸€åº§,ä¸€å®šã€€ ä¸€èµ·ã€€ åŽ»ã€€ ï¼ã€€ ã€ã€€ ï¼Œã€€
112,åœ¨å°ä¸­ï¼Œé å‚³è¶…éŽ100mbpsçš„åœ°é»žä¹Ÿå°±å¸‚ä¸­å¿ƒè€Œå·²ï¼Œå“ªè£¡å®¹æ˜“,åœ¨ã€€ ï¼Œã€€ mbpsã€€ çš„ã€€ ä¹Ÿã€€ å°±ã€€ è€Œå·²ã€€ ï¼Œã€€
113,åœ¨ iPadOS å¯« video app ä½†ä¸æ”¯æ´ airplay + apple tv æ˜¯å¦å¾ˆé›£ï¼Ÿå› ç‚º Hami Video åšåˆ°å•¦~ðŸ˜¬,åœ¨ã€€  iPadã€€ OS ã€€  videoã€€  app ã€€ ä½†ã€€ ä¸ã€€  airplayã€€  + appleã€€  tv ã€€ æ˜¯å¦ã€€ å¾ˆã€€ ï¼Ÿã€€ å› ç‚ºã€€  Hamiã€€  ã€€ Videoã€€  ã€€ å•¦ã€€ ~ã€€ ðŸ˜¬ã€€
114,å°å“¥å¤§æ­£åœ¨ç©©å®šä¸‹æ»‘ä¸­,æ­£åœ¨ã€€
115,å¥½å¤šäº†,äº†ã€€
116,çˆ› åªæƒ³ç”¨äººå®¶å»ºè¨­å¥½çš„ ä¸æƒ³èŠ±éŒ¢ ç¨®èŠ±å¥½å¤šäº†,åªã€€ ç”¨ã€€ çš„ã€€  ã€€ ä¸ã€€  ã€€ äº†ã€€
117,æˆ‘ä¸­è¯é›»ä¿¡ä¹Ÿæ˜¯ æ™šä¸Šå°±æ…¢,ä¹Ÿã€€ æ˜¯ã€€  ã€€ å°±ã€€
118,å®¶ä¸­æˆ–å®¤å…§ä¸Šç¶²é‚„æ˜¯ä»¥å›ºç¶²å“è³ªæœ€ç‚ºç©©å®šï¼Œæ‰€ä»¥æˆ‘æ˜¯å®¶è£¡ç”¨å…‰ä¸–ä»£ï¼Œå¤–å‡ºæ‰ç”¨ä¸­è¯è¡Œå‹•ä¸Šç¶²,æˆ–ã€€ é‚„æ˜¯ã€€ ä»¥ã€€ æœ€ç‚ºã€€ ï¼Œã€€ æ‰€ä»¥ã€€ æ˜¯ã€€ ï¼Œã€€ æ‰ã€€ ç”¨ã€€
119,åŒä¸€æ”¯æ‰‹æ©Ÿåœ¨è¬è¯å®¶è·Ÿæ¨¹æž—å…¬å¸è¨Šè™Ÿï¼Œæ¯”ä¹‹å‰çš„å°å“¥å¤§å¥½å¾ˆå¤šï¼Œå®¶ è£¡çš„äºžå¤ªéƒ½æ¯”å°å“¥å¤§å¥½ï¼Œåœ¨å®¶å°ç£ä¹‹æ˜Ÿä¹Ÿä¸å¥½ã€‚,åœ¨ã€€ è·Ÿã€€ ï¼Œã€€ æ¯”ã€€ çš„ã€€ ï¼Œã€€ çš„ã€€ éƒ½ã€€ æ¯”ã€€ ï¼Œã€€ åœ¨ã€€ ä¹‹ã€€ ä¹Ÿã€€ ä¸ã€€ ã€‚ã€€
120,ä½†å¦‚æžœä¸­è¯é›»ä¿¡æ”¶è¨Šå·®ï¼Œå…¶ä»–é›»è¨Šä¹Ÿä¸æœƒå¥½åˆ°å“ªè£¡ï¼Œç¸½ä¹‹ä½¿ç”¨é«” é©—é‚„æ˜¯ä¸éŒ¯çš„ã€‚,ä½†ã€€ å¦‚æžœã€€ ï¼Œã€€ ä¹Ÿã€€ ä¸æœƒã€€ åˆ°ã€€ ï¼Œã€€ ç¸½ä¹‹ã€€ é‚„æ˜¯ã€€ çš„ã€€ ã€‚ã€€
121,ä¸­è¯æœ€è¿‘é–“æ­‡æ€§æ–·ç¶²æœ‰æ„Ÿ+1,
122,æˆ‘OKï¼Œä½ å…ˆè¾¦~~ 5Gæš«æ™‚æ²’é³¥ç”¨ï¼Œåªæœ‰å˜—é®®çš„äººç‚«è€€ç”¨çš„,OKã€€ ï¼Œã€€ å…ˆã€€ ~~ 5Gã€€ æš«æ™‚ã€€ ï¼Œã€€ åªæœ‰ã€€ çš„ã€€ çš„ã€€
123,â€¦â€¦éƒ½ä¸€æ¨£åƒ¹éŒ¢çš„è©± çœ‹ä¹ŸçŸ¥é“é¸ä¸­è¯,â€¦â€¦ã€€ éƒ½ã€€ çš„è©±ã€€  ã€€ ä¹Ÿã€€
124,ä¹‹å‰ç”¨FOX+åˆ°æ±ºè³½éƒ½å¡æ­» å¸Œæœ›é™ä¸­è¯å¾Œå¥½é»ž,ç”¨ã€€ FOX+ã€€ åˆ°ã€€ éƒ½ã€€  ã€€
125,éƒ½æ˜¯é™°è¬€å•¦! ç•¶ä¸­è¯èª¿é«˜è³‡è²»æ™‚å…¶ä»–é›»ä¿¡ä¸€èµ·è·Ÿé€²ï¼Œç­‰ä¸­è¯è³ºé£½äº†ï¼Œåˆé™è³‡è²»è·ŸåŒè¡Œå»æ®ºï¼Œåœ¨å“ªè£¡å–Šæ²’è³ºéŒ¢ï¼Œæ ¹æœ¬å°±æ˜¯ä»–è³ºæœ€å¤š,éƒ½ã€€ æ˜¯ã€€ å•¦ã€€ !ã€€  ã€€ ç•¶ã€€ ä¸€èµ·ã€€ ï¼Œã€€ ç­‰ã€€ äº†ã€€ ï¼Œã€€ åˆã€€ è·Ÿã€€ ï¼Œã€€ åœ¨ã€€ æ²’ã€€ ï¼Œã€€ æ ¹æœ¬ã€€ å°±ã€€ æ˜¯ã€€
126,èª°æ•¢è¾¦å°æ˜Ÿæˆ‘ä¸€å€‹ä¸€å€‹æŠ“å‡ºä¾†,
127,å°å“¥å¤§æ·é‹æ²’æœ‰+1ï¼Œç¨®èŠ±å¥½ä¸€äº›,ï¼Œã€€
128,ç¨®èŠ±æœ€è¿‘æ„Ÿè¦ºæ»¿ç¨®èŠ±çš„è€¶,æ»¿ã€€ çš„ã€€ è€¶ã€€
129,ç¨®èŠ±æ„Ÿè¦ºå¥½å…©æ¥µ,
130,æˆ‘å®¶æ‰‹æ©Ÿä¸€å€‹ä¸­è¯ä¸€å€‹é å‚³ï¼Œéƒ½é‚„æ˜¯è¶…æ…¢= =,ï¼Œã€€ éƒ½ã€€ é‚„æ˜¯ã€€ è¶…æ…¢ã€€ = ã€€ =ã€€
131,ç”¨éŽå°ç£è·Ÿé å‚³å°±æœƒçŸ¥é“ä¸­è¯æœ‰å¤šå¥½,éŽã€€ è·Ÿã€€ å°±ã€€ æœƒã€€ å¤šã€€
132,è¦æ±‚ç¶²é€Ÿå¯ä»¥æ›é å‚³ æƒ³æ’¿ä¾¿å®œå¯ä»¥çºŒç´„å°å“¥,å¯ä»¥ã€€ å¯ä»¥ã€€
133,äºžå¤ªçœŸçš„å€¼å¾—499æœˆè²»å—Žï¼ŒåŸºåœ°å°å»ºçš„ä¸å¤šï¼Œæ„Ÿè¦º168ä¸é™é€Ÿä¹Ÿå¤ªè²´ï¼Œè¦è¾¦499æ„Ÿè¦ºä¸­è¯æ¯”è¼ƒå€¼å¾—ï¼Œé å‚³è¾¦211å°±å¤ äº†,çœŸçš„ã€€ å—Žã€€ ï¼Œã€€ çš„ã€€ ä¸ã€€ ï¼Œã€€ ä¸ã€€ ä¹Ÿã€€ å¤ªã€€ ï¼Œã€€ è¦ã€€ æ¯”è¼ƒã€€ ï¼Œã€€ å°±ã€€ äº†ã€€
134,é€™å€‹çœ‹èµ·ä¾†å€’åƒ488çš„å‡ç´šç‰ˆï¼Œé‚„æœ‰è³¼æ©ŸæŠ˜åƒ¹ï¼Œæ„Ÿ è¦ºæŒºåˆ’ç®—çš„ã€‚,çœ‹èµ·ä¾†ã€€ å€’ã€€ çš„ã€€ ï¼Œã€€ é‚„ã€€ ï¼Œã€€ æŒºã€€ çš„ã€€ ã€‚ã€€
135,åœ¨ç¦æ¾³æ¸¯åŠä»‹å£½æ‘ç­‰äººå¤šå¯†é›†å€ï¼Œå°æ˜Ÿä¸Šç¶²åŠæ‰“é›»è©±éƒ½æ˜¯å¾ˆé †æš¢çš„ã€‚é™¤éžåˆ°ä¸€èˆ¬å—ç«¿æ¯”è¼ƒååƒ»çš„åœ°æ–¹ï¼Œæ‰æœƒæœ‰æ”¶ è¨Šä¸è‰¯æƒ…æ³ç™¼ç”Ÿ,åœ¨ã€€ åŠã€€ ç­‰ã€€ ï¼Œã€€ åŠã€€ éƒ½ã€€ æ˜¯ã€€ å¾ˆã€€ çš„ã€€ ã€‚ã€€ é™¤éžã€€ æ¯”è¼ƒã€€ çš„ã€€ ï¼Œã€€ æ‰ã€€ æœƒã€€
136,å°å“¥è¨­å‚™ç”¨çš„æ¯”é å‚³å·®,çš„ã€€ æ¯”ã€€
137,ä½†æ˜¯å°å“¥å¤§æ—¢æ²’æœ‰ä¸­è¯å»£æ³›çš„åŸºåœ°å°ï¼Œä¹Ÿæ²’æœ‰å…©å°é›»ä¿¡çš„é«˜CPå€¼ï¼Œé å‚³è‡³å°‘é‚„æœ‰LM å¯ä»¥åœ¨é›™11å‡ºä¾†æ‡‰æˆ°,ä½†æ˜¯ã€€ æ—¢ã€€ çš„ã€€ ï¼Œã€€ ä¹Ÿã€€ çš„ã€€ ï¼Œã€€ è‡³å°‘ã€€ é‚„ã€€ LM ã€€ å¯ä»¥ã€€ åœ¨ã€€
138,è‡³æ–¼é å‚³è·Ÿå°å“¥å¤§......å¾ž2014å¹´é€²4Gæ™‚ä»£èµ·å°±å¾žä¾†æ²’ç”¨éŽäº†==æ”¶è¨Šæ²’ä¸­è¯å¥½ï¼Œä¿ƒæ¡ˆæ²’äºŒå°æ®º,è‡³æ–¼ã€€ è·Ÿã€€ ......ã€€ å¾žã€€ å°±ã€€ å¾žä¾†ã€€ æ²’ã€€ éŽã€€ äº†ã€€ ==ã€€ ï¼Œã€€
139,ç¶²è·¯å“è³ªä¾†èªªä¸­è¯>é å‚³>Others,ä¾†ã€€ >ã€€ >Othersã€€
140,ä»¥è³‡è²» ä¾†èªªäºžå¤ª>å°æ˜Ÿ>Others,ä»¥ã€€  ã€€ ä¾†ã€€ >ã€€ >Othersã€€
141,æ•´é«”å¹³è¡¡æˆ‘æœƒé¦–é¸ä¸­è¯å†ä¸ç„¶æ’¿ä¾¿å®œä¹Ÿæ˜¯å°æ˜Ÿå°å“¥å°±ä¸ä¸Šä¸ä¸‹æ²’æœ‰ä¾¿å®œä¹Ÿæ²’æœ‰å“è³ªï¼Œæ•´å€‹å¾ˆç³Ÿç³•,æœƒã€€ é¦–é¸ã€€ å†ä¸ç„¶ã€€ ä¹Ÿã€€ æ˜¯ã€€ å°±ã€€ ä¹Ÿã€€ ï¼Œã€€ å¾ˆã€€
142,å¯æƒœè©±è¡“å¤ªå·® è¼¸å°å“¥å¤§å¥½å¹¾å¹´ é«˜éšŽæ©Ÿåˆ†æ½¤è¶Šä¾†è¶Šå·® ä¸­è¯éƒ½ä¸ä¸»æ‰“å“€é³³äº†,å¤ªã€€  ã€€  ã€€ è¶Šä¾†è¶Šã€€  ã€€ éƒ½ã€€ ä¸ã€€ äº†ã€€
143,ä¸­è¯é›»ä¿¡çš„åº—å“¡ç”¨æœå‹™è´äº†ä¸€å€‹ç”¨æˆ¶,çš„ã€€ ç”¨ã€€ äº†ã€€
144,ä¸­è¯ç©©å®šï¼Œä½†æ˜¯è²´,ï¼Œã€€ ä½†æ˜¯ã€€
145,ä¹‹å‰ç”¨éŽå°ç£ä¹‹æ˜Ÿ4Gï¼Œåˆ°æœŸç«‹é¦¬æ›å›žä¸­è¯,éŽã€€ ä¹‹ã€€ Gã€€ ï¼Œã€€ ç«‹é¦¬ã€€
146,ç´„ä¸€åˆ° ä¸€å®šè¦æ›ä¸­è¯é›»ä¿¡,ç´„ã€€ åˆ°ã€€  ã€€ ä¸€å®šã€€ è¦ã€€
147,ä¹‹å‰ä¸­è¯æœ‰æ™‚å€™æœƒæ”¶ä¸åˆ°ï¼Œç¾åœ¨é å‚³é‚„ç®—ç©©å®š,æœ‰æ™‚å€™ã€€ æœƒã€€ ä¸ã€€ ï¼Œã€€ é‚„ã€€
148,ç”¨ä¸­è¯ï¼Œæ‰“éŠæˆ²çœ‹å½±ç‰‡éƒ½å¾ˆé †æš¢!,ç”¨ã€€ ï¼Œã€€ éƒ½ã€€ å¾ˆã€€ !ã€€
149,3GBä»¥å…§ç”¨é‡ äºžå¤ª11éƒ½å¾ˆé©åˆ è€Œä¸”ä»–çš„æµ é‡åŒ…æ²’ç”¨å®Œé‚„å¯ä»¥å»¶éžä¸€æ¬¡ å¦‚æžœä½ çœŸçš„è¦é¸äºžå¤ª99è€Œé‚£ä½ ä¸å¦‚NPå°å“¥å¤§æ–°æœ‹å‹, ã€€ éƒ½ã€€ å¾ˆã€€  ã€€ è€Œä¸”ã€€ çš„ã€€ æ²’ã€€ é‚„å¯ä»¥ã€€  ã€€ å¦‚æžœã€€ çœŸçš„ã€€ è¦ã€€ è€Œã€€ é‚£ã€€ NPã€€
150,äºžå¤ªé€™æ™‚é–“é»žä¸æ˜¯ 11 å°±æ˜¯ 88 å§ï¼Œæ€Žéº¼æœƒè€ƒæ…® 99,ä¸ã€€ æ˜¯ã€€ å°±ã€€ æ˜¯ã€€ å§ã€€ ï¼Œã€€ æ€Žéº¼ã€€ æœƒã€€  99ã€€
151,è£œä¸Šä¸€å †æ–°è™Ÿç¢¼å¯é¸ï¼Œå•Šï½žæ‰‹å¥½ç™¢ï¼å“ˆï½ž,å¯ã€€ ï¼Œã€€ å•Šã€€ ï½žã€€ å¥½ã€€ ï¼ã€€ å“ˆã€€ ï½žã€€
152,å°æ˜Ÿçš„å¯ä»¥ å…¶ä»–çš„å°±ç®—äº†,çš„ã€€ å¯ä»¥ã€€  ã€€ çš„ã€€ å°±ã€€ äº†ã€€
153,åªé¸å¸‚å€å°æ˜Ÿ188&88ï¼ŒéƒŠå€LM111,åªã€€ &88ã€€ ï¼Œã€€ LM111ã€€
154,å°æ˜Ÿ188ä¸é™é€Ÿï¼Œäººå£ç¨ å¯†çš„å¸‚å€CAå¾Œä¸‹è¡Œåªæœ‰37M... æˆ‘è¦ºå¾—å°æ˜Ÿä¸é™é€Ÿå·²ç¶“çŽ©åˆ°åƒå¨å¯¶3Gæ™‚ä»£çš„13M...,ä¸ã€€ ï¼Œã€€ çš„ã€€ CAã€€ åªã€€ M...ã€€  ã€€ ä¸ã€€ å·²ç¶“ã€€ åˆ°ã€€ åƒã€€ çš„ã€€ M..ã€€ .ã€€
155,é€™é€±äºžå¤ªå„ªæƒ $88 8G è¶…éŽæµé‡é™é€Ÿ3mé‚„éŒ¯ï¼Œå®¶äººå·²è¾¦,G ã€€ mã€€ é‚„ã€€ ï¼Œã€€ å·²ã€€
156,å‹¿å¿˜499ä¹‹äº‚ã€Œåä¸­è¯é›»ä¿¡å…¶ä¸­ä¸€å€‹åŽŸå› ã€,å‹¿ã€€ ä¹‹ã€€ ã€Œã€€ ã€ã€€
157,æˆ‘çš„ç¶²è·¯æ²’äº†æ‰ä¸€å¤©è€Œå·²æœ‰å¤ å°‘ ,çš„ã€€ äº†ã€€ æ‰ã€€ è€Œå·²ã€€ æœ‰å¤ å°‘ã€€  ã€€
158,é å‚³èªªçš„éƒ½æ˜¯é¬¼è©±,çš„ã€€ éƒ½ã€€ æ˜¯ã€€
159,ä¸­è¯é›»ä¿¡æ€Žéº¼æ‰çµ¦5Gb,æ€Žéº¼ã€€ æ‰ã€€
160,ä¸­è¯é›»ä¿¡å¹«å¹«å¿™å¥½ä¸å¥½,ä¸ã€€
161,ç”¨modæ¯”itunesé‚„é †,ç”¨ã€€ modã€€ æ¯”ã€€ itunesã€€ é‚„ã€€ é †ã€€
162,ç”Ÿæ´»åœˆè·Ÿä½å®¶å°åŒ—æ˜¯é å‚³æ¯”è¼ƒå¥½é«˜é›„å‰‡æ˜¯å°æ˜Ÿ,è·Ÿã€€ æ˜¯ã€€ æ¯”è¼ƒã€€ å‰‡ã€€ æ˜¯ã€€
163,piå¹£æ‹¿åŽ»æŠ˜æŠµä¸­è¯é›»ä¿¡æœˆç§Ÿè²»ä¹Ÿè »åˆ’ç®—çš„,piå¹£ã€€ ä¹Ÿã€€ è »ã€€ çš„ã€€
164,å°±ç›´æŽ¥è·Ÿè‡ºå“¥èªªæŽ°æŽ°å§ï¼ŒåŽ»ä¸­è¯åŽ»é å‚³ä»€éº¼éƒ½å¥½,å°±ã€€ è·Ÿã€€ æŽ°æŽ°ã€€ å§ã€€ ï¼Œã€€ éƒ½ã€€
165,æ•²ç¢—ç­‰ä¸­è¯,ç­‰ã€€
166,ä¸­è¯é›»ä¿¡çœŸçš„å¥½ï¼Œï¼Œåˆç´„åˆ°æœŸè¶•ç·Šç§»å›žä¸­è¯é›»ä¿¡ï¼Œï¼Œä¸æƒ³å†ç•¶å†¤å¤§é ­äº†ã€‚ã€‚ã€‚,çœŸçš„ã€€ ï¼Œã€€ ï¼Œã€€ è¶•ç·Šã€€ ï¼Œã€€ ï¼Œã€€ ä¸ã€€ å†ã€€ äº†ã€€ ã€‚ã€€ ã€‚ã€€ ã€‚ã€€
167,å°å“¥å¤§ ä»Šæ™šå¥½ä¸€é»ž åå ´æ–·ä¸€å…©å ´, ã€€  ã€€
168,ä¸­è¯é›»ä¿¡å†å¿½è¦–è€ç”¨æˆ¶å°±æ±ºå®šè·³æ§½äº†,å†ã€€ å°±ã€€ äº†ã€€
169,æˆ‘åªæƒ³å•ä¸­è¯é›»ä¿¡ï¼Œç„¡æ³•é›»è©±å–æ¶ˆåªèƒ½è‡¨æ«ƒè¾¦ ç†ï¼Œé‚£ç‚ºä½•é–€å¸‚ä¸€é€šé›»è©±å°±èƒ½ç¶å®šï¼Ÿ,åªã€€ ï¼Œã€€ ç„¡æ³•ã€€ åªã€€ èƒ½ã€€ ï¼Œã€€ é‚£ã€€ ç‚ºä½•ã€€ å°±ã€€ èƒ½ã€€ ï¼Ÿã€€
170,æœƒ å¦‚æ­¤ çˆ›,æœƒã€€  ã€€ å¦‚æ­¤ã€€
171,ä¸ä½†ä¸€æ¨£è³‡è²»åŽŸæœ¬å…§å®¹ä»¥å¤–çš„å„ªæƒ æœ‰å¢žåŠ æ›´å¤šå„ªæƒ çµ¦é¡§å®¢é‚„æ²’æœ‰èª¿æ¼²å‘¢ï¼åŽŸæœ¬ç¶²å¤–é€šè©±å¢žåŠ å…è²»ä»¥å¤–åƒåˆ°é£½çš„éƒ¨åˆ†éƒ½æ²’æœ‰è®Š,ä¸ä½†ã€€ åŽŸæœ¬ã€€ çš„ã€€ çµ¦ã€€ é‚„ã€€ æ²’æœ‰ã€€ å‘¢ã€€ ï¼ã€€ åŽŸæœ¬ã€€ åˆ°ã€€ çš„ã€€ éƒ½ã€€
172,è€å®¢æˆ¶éƒ½ä¸å‹å–„,éƒ½ã€€ ä¸ã€€
173,fridayå½±éŸ³,fridayã€€
174,æˆ‘å®¶å¯¦åœ¨ä¸è¡Œ,å¯¦åœ¨ã€€
175,ç™½å¤©å¤§ç´„30m æ™šä¸Šæœƒè‡ªå‹•æ¸›é€Ÿ æ…¢åˆ°1mä¸åˆ° ç„¶å¾Œ å°æ˜Ÿç™½å¤©20m æ™šä¸Šä¹Ÿå¤§ç´„15-20må·¦å³ æˆ‘æ˜¯åœ¨æˆ‘å®¶æ¸¬çš„...æˆ‘ä¹‹å¾Œ æ‰“æ­»ä¸è¾¦å°å“¥,å¤§ç´„ã€€ m ã€€ æœƒã€€  ã€€ åˆ°ã€€ mã€€ åˆ°ã€€  ã€€ ç„¶å¾Œã€€  ã€€ m ã€€ ä¹Ÿã€€ å¤§ç´„ã€€ -ã€€ mã€€  ã€€ æ˜¯ã€€ åœ¨ã€€ çš„ã€€ ...ã€€  ã€€ ä¸ã€€
176,ä¸­è¯>é å‚³>å°å“¥å¤§>å°æ˜Ÿ,>ã€€ >ã€€ >ã€€
177,é™¤äº†ä¸­è¯ èª°é‚„è¦å†NPå›žä¾†,é™¤äº†ã€€  ã€€ é‚„è¦ã€€ å†ã€€
178,è¶…éŽä»¥å¾Œ10Mæ¯”èµ·ä»¥å‰è¾¦çš„ä¸­è¯è¶…ç›¤å­¸ç”Ÿå°ˆæ¡ˆ5xxå¥½å¤šäº†æ¯å€‹æœˆ5G é™é€Ÿé‚„åªæœ‰128kps é€£lineéƒ½æ‰“ä¸å‡ºåŽ»,æ¯”èµ·ã€€ çš„ã€€ äº†ã€€ 5G ã€€ é‚„ã€€ åªã€€ kpsã€€  ã€€ é€£ã€€ lineã€€ éƒ½ã€€ ä¸ã€€
179,éƒ½ç ´200ï¼Œåˆ°ç¾åœ¨é‚„æœ‰å¾ˆå¤šå®¶10å¹¾M,éƒ½ã€€ ï¼Œã€€ åˆ°ã€€ é‚„ã€€ Mã€€
180,YTé †é †çœ‹,YTã€€
181,é€šä¿¡ç´„ç¬¬ä¸€å¹´388å°±çµ¦ç¶²è·¯åƒåˆ°é£½äº†,å°±ã€€ åˆ°ã€€ äº†ã€€
182,çœŸçš„åªæœ‰87æ‰æœƒç”¨,çœŸçš„ã€€ åªæœ‰ã€€ æ‰ã€€ æœƒã€€
183,ä¸­è¯å°±ä¸èƒ½å°è€å®¢æˆ¶å¥½ä¸€é»žå°±ä¸€ä»˜ä¸æƒ³ç†çš„æ¨£å­,å°±ã€€ ä¸èƒ½ã€€ å°ã€€ ä¸€é»žã€€ å°±ã€€ ä¸ã€€ çš„ã€€
184,æœŸé™å¿«åˆ°å‰ä»–æœƒå«ä½ æ‰“é›»è©±çµ¦åˆ¥äººä¾†å»¶é•·é–€è™Ÿä½¿ç”¨æœŸé™,å¿«ã€€ æœƒã€€ çµ¦ã€€ ä¾†ã€€
185,æ‰‹æ©Ÿè²»å¾žç ´åƒè®Š299,å¾žã€€
186,éƒ½è·‘ä¸å‹•,éƒ½ã€€
187,ä¸­è¯è·Ÿå°æ˜Ÿéƒ½è·‘ä¸å‹•,è·Ÿã€€ éƒ½ã€€
188,é€¼ä½ æ›5Gå°±è·Ÿç•¶å¹´ADSLé™é€Ÿé€¼ä½ æ›å…‰çº–ä¸€æ¨£,å°±ã€€ è·Ÿã€€ ADSLã€€
189,å…©å®¶çš„é€Ÿåº¦éƒ½ä¸å¦‚ä¸­è¯å’Œé å‚³ï¼Œ,çš„ã€€ éƒ½ã€€ å’Œã€€ ï¼Œã€€
190,ä¹Ÿèƒ½èªçœŸä¸€é»žåˆ¥è€æ˜¯ä¸æŠŠè€å®¢æˆ¶ç•¶æˆä¸€å›žäº‹,ä¹Ÿã€€ èƒ½ã€€ ä¸€é»žã€€ åˆ¥ã€€ è€æ˜¯ã€€ ä¸ã€€ æŠŠã€€
191,æ•´é«”å±Œæ‰“å…¶ä»–å®¶,å±Œæ‰“ã€€
192,å·ç›¡é€Ÿåˆ°å—ä¸äº†,ç›¡ã€€ åˆ°ã€€
193,æˆ‘æœ€å¾Œä¹Ÿæ˜¯é•ç´„é‡‘ä»˜äº†,ä¹Ÿã€€ æ˜¯ã€€ äº†ã€€
194,é‚„æœ‰299ç„¡é™é€Ÿåƒåˆ°é£½,é‚„ã€€
195,ä¸‹èª²ä¸‹ç­ä¹‹å¾Œéƒ½æœƒé€™æ¨£ï¼Œå¤ªå¤šäººç”¨äº†,éƒ½ã€€ æœƒã€€ ï¼Œã€€ äº†ã€€
196,åŽŸæœ¬ä¸€å€‹æœˆ799å…ƒåªæœ‰9GBæµé‡ï¼Œç¾åœ¨æ›æˆ699åƒåˆ°é£½ä¸é™é€Ÿï¼Œæ„Ÿè¦ºå¾ˆçˆ½ï¼[emo13],åŽŸæœ¬ã€€ åªã€€ ï¼Œã€€ åˆ°ã€€ ä¸ã€€ ï¼Œã€€ å¾ˆã€€ ï¼ã€€ [emoã€€ ]ã€€
197, äºžå¤ªé‚„æ˜¯æ¯”å°æ˜Ÿå¥½ ^_^, ã€€ é‚„æ˜¯ã€€ æ¯”ã€€  ^_^ã€€
198,å ‚å§èªªåœ¨ä¸­è¯è¾¦åƒåˆ°é£½ æ‰‹æ©Ÿå…«åƒæœ‰æ‰¾ï¼Œè®“è¶…å¿ƒå‹•derâ€¦,åœ¨ã€€  ã€€ ï¼Œã€€ derã€€ â€¦ã€€
199,å†ä¸ç„¶å°±æ˜¯é¸ä¸­è¯4G,å†ä¸ç„¶ã€€ å°±æ˜¯ã€€ Gã€€
200,æˆ‘æ˜¯è¦ºå¾—æœ‰é€ä¸å°‘é€šè©±çš„ä¸­è¯ä¸é™é€Ÿåƒåˆ°é£½488-499å¾ˆæ¥µé™äº†,æ˜¯ã€€ çš„ã€€ ä¸ã€€ -ã€€ å¾ˆã€€ äº†ã€€
201,æœ€è¿‘ä¹Ÿåœ¨è€ƒæ…®è¦ç”¨é å‚³é‚„æ˜¯ç¨®èŠ±çš„ï¼Œä¸éŽæœ€è¿‘5Gå‰›é–‹è‡ºï¼Œ4Gç¶²è·¯éƒ½æœ‰é»žè®Šæ…¢çš„æ„Ÿè¦º,ä¹Ÿã€€ åœ¨ã€€ è¦ã€€ é‚„æ˜¯ã€€ çš„ã€€ ï¼Œã€€ ä¸éŽã€€ å‰›ã€€ ï¼Œã€€ éƒ½ã€€ æœ‰é»žã€€ çš„ã€€
202,éš”å£çš„äººç”¨å°æ˜Ÿé‚„æ¯”æˆ‘ç”¨çš„ä¸­è¯é †,çš„ã€€ ç”¨ã€€ é‚„ã€€ æ¯”ã€€ çš„ã€€
203,åªæœ‰é å‚³ æ²’æœ‰è¨Šè™Ÿ,åªæœ‰ã€€  ã€€
204,ä¸­è¯>é å‚³>>>>>>>>å°å“¥,>ã€€ >>>>>>>>ã€€
205,æˆ‘åœ¨è‡ºä¸­é€Ÿåº¦ä¹Ÿè¶…æ…¢,åœ¨ã€€ ä¹Ÿã€€ è¶…ã€€
206,å¯æ˜¯æˆ‘ä¸­è¯æœ€è¿‘ä¹Ÿå¾ˆå¡æ¬¸,å¯æ˜¯ã€€ ä¹Ÿã€€ å¾ˆã€€ æ¬¸ã€€
207,è·³ä¸­è¯æ›ç©å®š,ç©å®šã€€
208,ä¸­è¯é›»ä¿¡ä¸è€ƒæ…®,ä¸ã€€
209,ä¸­è¯è·³å°å“¥å¤§å†è·³é å‚³ï¼Œæˆ‘æŽ¨å°å“¥å¤§,å†ã€€ ï¼Œã€€
210,-åªæœ‰é å‚³ æ²’æœ‰è¨Šè™Ÿ-,-ã€€ åªæœ‰ã€€  ã€€ -ã€€
211,ç”¨éŽäºžå¤ª ä½ å°±çŸ¥é“ä¸‰å¤§çš„å¥½å‘µå‘µäºžå¤ªé€£é›»è©±éƒ½æ‰“ä¸é€š,éŽã€€  ã€€ å°±ã€€ çš„ã€€ å‘µå‘µã€€ é€£ã€€ éƒ½ã€€ ä¸ã€€
212,äºžå¤ªçœŸçš„å°ç£ä¹‹æ˜Ÿä»¥ä¸‹ï¼Œé€£èª¿ä¾ƒéƒ½æ‡¶w,çœŸçš„ã€€ ä¹‹ã€€ ï¼Œã€€ é€£ã€€ éƒ½ã€€ wã€€
213,å°ç£ä¹‹æ˜Ÿåæ­£è¨Šè™Ÿéƒ½å¾ˆçˆ› ä¸å¦‚é¸å€‹ä¾¿å®œçš„,ä¹‹ã€€ åæ­£ã€€ éƒ½ã€€ å¾ˆã€€  ã€€ ä¸å¦‚ã€€ çš„ã€€
214,æ”œç¢¼å­¸å°ˆ 688(30) æ˜¯æœ€å„ªé¸, 688ã€€ (ã€€ )ã€€  ã€€ æ˜¯ã€€ æœ€ã€€
215, ä¸­è¯é›»ä¿¡è·Ÿå°å“¥å¤§éƒ½æœ‰è²©å”®è¯ç‚ºé€šè¨Šè¨­å‚™çš„å‰ç§‘, ã€€ è·Ÿã€€ éƒ½ã€€ çš„ã€€
216, ä¸­è¯é›»ä¿¡è·Ÿå°å“¥å¤§éƒ½æœ‰è²©å”®è¯ç‚ºé€šè¨Šè¨­å‚™çš„å‰ç§‘, ã€€ è·Ÿã€€ éƒ½ã€€ çš„ã€€
217, é å‚³æœ€è¿‘LMè©•åƒ¹ä¸éŒ¯çš„æ¨£å­, ã€€ LMã€€ çš„ã€€
218,æˆ‘ä¸­è¯éƒ½å¾ˆé †,éƒ½ã€€ å¾ˆã€€
219,ä½ æœ‰è€ƒæ…®åˆ°ç”¨äºžå¤ªçš„å¿ƒè²å—Ž,æœ‰ã€€ ç”¨ã€€ çš„ã€€ å—Žã€€
220,å¿«è¢«ä¸­è¯æ°£æ­»==,å¿«ã€€ è¢«ã€€ ==ã€€
221,ä¸­è¯é›»ä¿¡åªçµ¦æˆ‘ä¸€å¹´å…è²»çš„VOWiFiæ‰“ç™¼æˆ‘äº†äº‹ æ“ ç„¶å¾Œæˆ‘å®¶æ²’å›ºç¶² æ“,åªã€€ çš„ã€€ VOWiFiã€€  ã€€  ã€€ ç„¶å¾Œã€€  ã€€
222,ä¸é™é€Ÿå¯æ˜¯æˆ‘çºŒç´„ä¹‹å¾Œéƒ½è¦ºå¾—å¾ˆæ…¢...,ä¸ã€€ å¯æ˜¯ã€€ éƒ½ã€€ å¾ˆã€€ ..ã€€ .ã€€
223,"é€£çŽ©coin masteréƒ½æœƒæ–·ç·šçš„é›»ä¿¡æˆ‘çœŸçš„ä¸çŸ¥é“è¦èªªä»€
éº¼",é€£ã€€ coinã€€  masterã€€ éƒ½ã€€ æœƒã€€ çš„ã€€ çœŸçš„ã€€ ä¸ã€€ è¦ã€€ éº¼ã€€
224,"æ¯å®¶éƒ½æœ‰è¡¨ç¾å·®çš„ç‹€æ³ï¼Œå°±æ˜¯çœ‹ç’°å¢ƒé©åˆèª°å›‰ï¼Œæˆ‘ç”Ÿ
æ´»åœˆå°å“¥å°±æ˜¯é †","éƒ½ã€€ çš„ã€€ ï¼Œã€€ å°±æ˜¯ã€€ å›‰ã€€ ï¼Œã€€ 
æ´»åœˆã€€ å°±ã€€ æ˜¯ã€€"
225,ç´”å™“å°å“¥,
226,å°å“¥èƒ½æ‹¿???ç‹—å±Žéƒ½èƒ½åƒäº†,èƒ½ã€€ ?ã€€ ?ã€€ ?ã€€ éƒ½ã€€ èƒ½ã€€ äº†ã€€
227,"ä¸éŽé å‚³é€™æ¬¡æ‹¿é›™å† çœŸçš„
æœ‰è®“äººåˆ®ç›®ç›¸çœ‹","ä¸éŽã€€ çœŸçš„ã€€ 
ã€€"
228,"ä¸­è¯é›»ä¿¡5Gæœ‰åœ¨å»ºè¨­ï¼Ÿï¼Ÿå‡ºé–€é€£åˆ°5Gçš„æ©Ÿæœƒé‚„æ˜¯ä¸åˆ°1/
10",åœ¨ã€€ ï¼Ÿã€€ ï¼Ÿã€€ é€£ã€€ åˆ°ã€€ çš„ã€€ é‚„æ˜¯ã€€
229,å°å“¥,
230,èº«ç‚ºå°å“¥å¤§ç”¨æˆ¶çœ‹åˆ°å°å“¥ä¹Ÿæœ‰çŽå°±çŸ¥é“é€™åˆ†æžå…«æˆç¬‘è©±,ä¹Ÿã€€ å°±ã€€
231,é å‚³çœŸçš„å±Œæ‰“ä¸­è¯å¤§å®¶è¶•å¿«è·³æ§½ä¸­è¯è¾¦é å‚³,çœŸã€€ çš„ã€€ å±Œæ‰“ã€€ è¶•å¿«ã€€
232,æœ€è¿‘é å‚³æ˜¯ä¸æ˜¯æ•…æ„é™é€Ÿå•Šâ€¦æƒ³èª˜å°Žå¤§å®¶æ›5G?,æ˜¯ã€€ ä¸ã€€ æ˜¯ã€€ å•Šã€€ â€¦ã€€ 5Gã€€ ?ã€€
233,æˆ‘ä¹Ÿæ”¶åˆ°äº†ï¼Œåªæ˜¯è¦ç¶33å€‹æœˆæœ‰é»žä¹…,ä¹Ÿã€€ äº†ã€€ ï¼Œã€€ åªæ˜¯ã€€ è¦ã€€ æœ‰é»žã€€
234,é ï¼å¸‚è©±ç¸®æ°´,ï¼ã€€
235,é€™å€‹æ–¹æ¡ˆå¾ˆå„ªäº†é˜¿ ,å¾ˆã€€ äº†ã€€ é˜¿ã€€  ã€€
236,ä¹‹å‰éƒ½0.5 1% ç”¨hamiå°Žè³¼éƒ½æ¯”lineå¥½ XD,éƒ½ã€€  ã€€ ç”¨ã€€ hamiã€€ éƒ½ã€€ æ¯”ã€€ lineã€€  XDã€€
237, å¦‚æžœä½ æ²’æœ‰ä¿¡ç”¨å¡å¯ä»¥åˆ†æœŸï¼Œ ä½ å°±æŠŠé–€è™Ÿè¾¦ç†1399ç°½ç´„48å€‹æœˆï¼Œè®“æ‚¨çš„è² æ“”é™ä½Žè¼•é¬†æ“æœ‰iPhone 12ï¼ï¼ ä¸­è¯é›»ä¿¡ï¼Œä¸€ç›´èµ°åœ¨æœ€å‰é¢ï¼ï¼ çœŸçš„è®šï¼, ã€€ å¦‚æžœã€€ å¯ä»¥ã€€ åˆ†æœŸã€€ ï¼Œã€€  ã€€ å°±ã€€ æŠŠã€€ ï¼Œã€€ çš„ã€€ iPhoneã€€  12ã€€ ï¼ã€€ ï¼ã€€  ã€€ ï¼Œã€€ ä¸€ç›´ã€€ åœ¨ã€€ ï¼ã€€ ï¼ã€€  ã€€ çœŸçš„ã€€ ï¼ã€€
238,ä¸­è¯å±±ä¸‹é —æ…¢,é —ã€€
239,å°æ˜Ÿå±±ä¸Šå±±ä¸‹éƒ½å¿«,éƒ½ã€€ å¿«ã€€
240,æˆ‘è‡ªå·±æ˜¯ç”¨å°æ˜Ÿæˆ‘è¦ºå¾—è »å¤ ç”¨çš„é˜¿æˆ‘é‚„å¯ä»¥é–‹åˆ†äº«çµ¦ç”¨ä¸­è¯çš„å®¤å‹,æ˜¯ã€€ ç”¨ã€€ è »ã€€ çš„ã€€ é˜¿ã€€ é‚„å¯ä»¥ã€€ çš„ã€€
241,å°æ˜Ÿç®—ä¸éŒ¯äº†å•Š ,äº†ã€€ å•Šã€€  ã€€
242,ä»¥å‰ç”¨é å‚³çœŸçš„çˆ›çˆ†,ç”¨ã€€ çœŸã€€ çš„ã€€
243,å°å“¥å¤§å°±å¥½å•¦,å°±ã€€ å•¦ã€€
244,"Fox+ç¾ŽåŠ‡ ã€Œæ¯’é›ªç´›é£›ã€ ç¬¬ä¸€å­£ç¼ºç¬¬2é›†ï¼Œæˆ‘çœ‹é€™é‚Šéƒ½å›žè¦†å«äººé€šå ±ä¸­è¯800å®¢æœï¼Œä½†æ‰“åŽ»800å®¢æœåˆèªªè«‹è¯çµ¡fox,å•é¡Œ foxåˆå…¬å‘Šè«‹è¯çµ¡ä¸­è¯é›»ä¿¡ï¼Œåˆ°åº•è¦æ€Žéº¼è¾¦é˜¿ï¼Ÿï¼Ÿï¼Ÿ","Fox+ã€€  ã€€ ã€Œã€€ ã€ã€€  ã€€ ï¼Œã€€ éƒ½ã€€ ï¼Œã€€ ä½†ã€€ åˆã€€ foxã€€ ,ã€€  foxã€€ åˆã€€ ï¼Œã€€ åˆ°åº•ã€€ è¦ã€€ é˜¿ã€€ ï¼Ÿã€€ ï¼Ÿã€€ ï¼Ÿã€€"
245,æŠŠå¥½å¥½çš„appæžæˆé€™ä»˜é¬¼æ¨£,æŠŠã€€ çš„ã€€ appã€€
246,äºžå¤ª ç„¡æ”¶è¨Š æ²’ç¶²è·¯ å†ä¾¿å®œä¹Ÿç„¡ç”¨--, ã€€ ç„¡ã€€  ã€€  ã€€ å†ã€€ ä¹Ÿã€€ --ã€€
247,æœ¬äººä»Šå¹´9æœˆåŽ»ä¸­è¯è¾¨1399å…ƒ5gæ–¹æ¡ˆï¼Œå¯æ˜¯ä¸€ç›´æ²’æœ‰5gå¯ä»¥ç”¨ï¼›åŽ»å•å®¢æœä¸€ç›´è¦æˆ‘ç­‰ã€‚ä¸€å®šæœƒæœ‰5gåŽ»é–€å¸‚å•èªªå¹´åº•å°±æœƒæœ‰äº†åœ¨ æ–°ç«¹çš„æ¹–å£å·¥æ¥­å€ï¼Œå•800å®¢æœèªªè¦ç­‰3å¹´åˆ°åº•é‚£å€‹æº–ï¼›ç”¨5gè³‡è²»å»åªæœ‰4gçš„ç¶²è·¯ï¼Œæœ‹å‹å«æˆ‘åŽ»æ¶ˆä¿å®˜ç”³è¨´ã€‚è«‹å•æœ‰ç”¨å—Žï¼Ÿæœ¬äººæ˜¯ åœ¨æ–°ç«¹æ¹–å£ï¼Œæ–°ç«¹å¸‚å’Œç«¹åŒ—å¸‚ä¹Ÿæœ‰éƒ½äº†ã€‚æœ¬ä¾†å®¶ä¸­çš„å··å£æœ‰5gï¼Œæœ€è¿‘åˆæ²’æœ‰äº†ï¼›ç¹³å¿ƒé…¸çš„,ï¼Œã€€ å¯æ˜¯ã€€ ä¸€ç›´ã€€ å¯ä»¥ã€€ ï¼›ã€€ åŽ»ã€€ ä¸€ç›´ã€€ è¦ã€€ ã€‚ã€€ ä¸€å®šã€€ æœƒã€€ å°±ã€€ æœƒã€€ äº†ã€€ åœ¨ã€€  ã€€ çš„ã€€ ï¼Œã€€ è¦ã€€ åˆ°åº•ã€€ ï¼›ã€€ ç”¨ã€€ å»ã€€ åªã€€ çš„ã€€ ï¼Œã€€ ã€‚ã€€ å—Žã€€ ï¼Ÿã€€ æ˜¯ã€€  ã€€ åœ¨ã€€ ï¼Œã€€ å’Œã€€ ä¹Ÿã€€ éƒ½ã€€ äº†ã€€ ã€‚ã€€ æœ¬ä¾†ã€€ çš„ã€€ ï¼Œã€€ åˆã€€ äº†ã€€ ï¼›ã€€ çš„ã€€
248,åƒåˆ°é£½çš„æœ‰é»žè²´èª’,åˆ°ã€€ çš„ã€€ æœ‰é»žã€€ èª’ã€€
249,çœ‹çš„è³‡è²»æ–¹æ¡ˆå¾Œï¼Œé‚„æ˜¯çºŒç”¨4Gå§ã€‚è²»çŽ‡äº¬äººé‚„è¦æ›æ‰‹æ©Ÿï¼Œé–‹éŠ·ä¸å°ã€‚,çš„ã€€ ï¼Œã€€ é‚„æ˜¯ã€€ çºŒç”¨ã€€ Gã€€ å§ã€€ ã€‚ã€€ é‚„ã€€ è¦ã€€ ï¼Œã€€ ä¸ã€€ ã€‚ã€€
250,å¤ªè²´äº†å§,å¤ªã€€ äº†ã€€ å§ã€€
251,ä¸­è¯å°ä¸€äº›äº”ç™¾å…ƒå…§å®¢æˆ¶ä¸æ˜¯å¾ˆçœ‹é‡,å°ã€€ ä¸ã€€ æ˜¯ã€€ å¾ˆã€€
252,ä¸­è¯æœ€è¿‘æ˜¯æ€Žéº¼äº†ï¼Œä¸Šç¦®æ‹œåœ¨å®¶æ‰‹æ©Ÿç¶²é€Ÿæœ‰80mï¼Œé€™ç¦®æ‹œè®Š20m,æ˜¯ã€€ äº†ã€€ ï¼Œã€€ åœ¨ã€€ mã€€ ï¼Œã€€ mã€€
253,æ€ªä¸å¾—æˆ‘ç”¨å®¶è£¡çš„é›»è…¦é–‹ä¸äº†æŽ¨ç‰¹ï¼ˆæˆ–é–‹äº†çœ‹ä¸åˆ°åœ–ï¼‰ï¼Œä½†ç”¨æ‰‹æ©Ÿï¼ˆç„¡æ¡†ï¼‰ä¸Šç¶²å°±å¯ä»¥æš¢æ»‘ç„¡é˜»ï¼ŒåŽŸä¾†æ˜¯ä¸­è¯é›»ä¿¡çš„å•é¡Œå—Žï¼,æ€ªä¸å¾—ã€€ ç”¨ã€€ çš„ã€€ ï¼ˆã€€ æˆ–ã€€ äº†ã€€ ä¸ã€€ ï¼‰ã€€ ï¼Œã€€ ä½†ã€€ ç”¨ã€€ ï¼ˆã€€ ï¼‰ã€€ å°±ã€€ å¯ä»¥ã€€ ï¼Œã€€ åŽŸä¾†ã€€ æ˜¯ã€€ çš„ã€€ å—Žã€€ ï¼ã€€
254,é å‚³æœ€å¿«,æœ€ã€€
255,çœ‹äº†ä¸€ä¸‹é€™å€‹æ–¹æ¡ˆ é¸æ“‡è »å¤šå…ƒçš„è€¶ é‚„æœ‰ç¦®åˆ¸èƒ½æ­é…æ›ç®—ä¸‹ä¾†é —åˆ’ç®—çš„,äº†ã€€  ã€€ è »ã€€ çš„ã€€ è€¶ã€€  ã€€ é‚„ã€€ èƒ½ã€€ ä¸‹ä¾†ã€€ é —ã€€ çš„ã€€
256,ä¸åˆ’ç®—ï¼Œå®¶æ¨‚ç¦ç¦®åˆ¸ 6000ï¼Œä½†æ˜¯ä½  499 è¦ç¶ 30å€‹æœˆï¼Œç­‰æ–¼æ¯æœˆ 299 é€ 500åˆ†é˜ã€‚ ä¹‹å‰éƒ½å·²ç¶“æœ‰ 299 é€ 1000åˆ†é˜äº†ï¼Œé€™å€‹æ–¹æ¡ˆæœ‰å•¥å¥½è¾¦çš„ã€‚ æ›´ä¸ç”¨èªªæ¯æœˆ 299 é€ 500åˆ†é˜ï¼Œåªè¦ 158 å°±è¾¦å¾—åˆ°äº†(äºŒå¹´ç´„)ï¼Œä½•å¿…è¢«ç¶æ›´é•·çš„ 30å€‹æœˆï¼Œç„¶å¾Œåƒ¹éŒ¢åˆè¦ 299ï¼Ÿ,ä¸ã€€ ï¼Œã€€  6000ã€€ ï¼Œã€€ ä½†æ˜¯ã€€  499 ã€€ è¦ã€€  30ã€€ ï¼Œã€€  299 ã€€  500ã€€ ã€‚ã€€  ã€€ éƒ½ã€€ å·²ç¶“ã€€  299ã€€  ã€€  1000ã€€ äº†ã€€ ï¼Œã€€ çš„ã€€ ã€‚ã€€  ã€€ æ›´ã€€ ä¸ç”¨èªªã€€  299ã€€  ã€€  500ã€€ ï¼Œã€€ åªè¦ã€€  158 ã€€ å°±ã€€ å¾—ã€€ äº†ã€€ (ã€€ ç´„ã€€ )ã€€ ï¼Œã€€ ä½•å¿…ã€€ è¢«ã€€ æ›´ã€€ çš„ã€€  30ã€€ ï¼Œã€€ ç„¶å¾Œã€€ åˆã€€  299ã€€ ï¼Ÿã€€
257,é–‹äº†äºŒå°Tab S7+ 5Gå¹³æ¿ç”¨HAMI VIDEO APPæ”¶è¦– ç›®å‰åœ¨å®¤å…§ç”¨4Gé€£ç·šçœ‹äº†ä¸€å±€å¾ˆé †ä¸å¡é “æ„Ÿè¦ºä¸éŒ¯ï¼,äº†ã€€ Tabã€€  S7+ 5Gã€€ HAMI VIDEO APPã€€  ã€€ åœ¨ã€€ ç”¨ã€€ äº†ã€€ å¾ˆã€€ ä¸ã€€ ï¼ã€€
258,è«‹å•å„ä½ç™»å…¥ä¸­è¯é›»ä¿¡appæœƒé€™æ¨£å—Žï¼Ÿæƒ³æŸ¥å€‹å¸³å–®ä½†æ˜¯ç¸½æ˜¯é¡¯ç¤ºå¿™ç¢Œæˆ–ç¶²è·¯æ…¢æˆ–æ˜¯åœ¨ç™»å…¥çš„æ™‚å€™é¡¯ç¤ºç™»å…¥æˆåŠŸï¼Œå»æ²’æœ‰è½‰æ›é é¢å¡åœ¨ç™» å…¥ç•«é¢æˆ‘æ˜¯iPhone 7+ï¼ŒiOS 14.3ä¸çŸ¥é“æ˜¯ä¸æ˜¯åªæœ‰æˆ‘æœƒé€™æ¨£...--,appã€€ æœƒã€€ å—Žã€€ ï¼Ÿã€€ å€‹ã€€ ä½†æ˜¯ã€€ ç¸½æ˜¯ã€€ æˆ–ã€€ æˆ–æ˜¯ã€€ åœ¨ã€€ çš„ã€€ ï¼Œã€€ å»ã€€ æ²’æœ‰ã€€ åœ¨ã€€  ã€€ æ˜¯ã€€ iPhoneã€€  7+ã€€ ï¼Œã€€ iOS 14.3ã€€ ä¸ã€€ æ˜¯ã€€ ä¸æ˜¯ã€€ åªæœ‰ã€€ æœƒã€€ .ã€€ .ã€€ .--ã€€
259,ä¸‰å°ï¼Œç‚ºå•¥ä¸­è¯é›»ä¿¡è¦å–æ¶ˆä¿¡ç”¨å¡è‡ªå‹•è¨‚é–±ï¼Ÿæœ‰å•¥ç†ç”±ï¼Ÿ,ï¼Œã€€ ç‚ºå•¥ã€€ è¦ã€€ ï¼Ÿã€€ ï¼Ÿã€€
260,ä¸­è¯æœˆç§Ÿ2699è¦è·Ÿä½ èªªï¼Ÿ,è¦ã€€ è·Ÿã€€ ï¼Ÿã€€
261,4G CAä¸æ¯”ç¾åœ¨çš„5G æ…¢ï¼Œç¾åœ¨çš„5Gæ²’æœ‰ä½Žå»¶é²çš„å„ª å‹¢ã€‚,æ¯”ã€€ çš„ã€€ ï¼Œã€€ çš„ã€€ çš„ã€€ ã€‚ã€€
262,Hami app æœ¬èº«å°±æ˜¯è¨­è¨ˆçš„é€™éº¼ä¸äººæ€§?,Hami appã€€  ã€€ å°±ã€€ æ˜¯ã€€ çš„ã€€ é€™éº¼ã€€ ?ã€€
263,HamiPayåœ¨é€™æ–¹é¢çš„é¸æ“‡å¡ç‰‡çš„ä»˜æ¬¾å‹•ä½œè¨­è¨ˆçš„ä¸å¤ äººæ€§,HamiPayã€€ åœ¨ã€€ çš„ã€€ çš„ã€€ çš„ã€€ ä¸ã€€
264,äºžå¤ªå¯ä»¥è·‘åˆ°20ï¼Œä½†åŒæ™‚æ®µçš„ä¸­è¯å»ä¸è¡Œï¼Œå”‰,å¯ä»¥ã€€ ï¼Œã€€ ä½†ã€€ çš„ã€€ å»ã€€ ï¼Œã€€ å”‰ã€€
265,äºžå¤ªæ¯”ä¸­è¯ï¼Œé å‚³å¥½,æ¯”ã€€ ï¼Œã€€
266,æˆ‘ä¹Ÿé€™æ¨£èªç‚ºï¼Œä½†å‰›å¾žä¸­è¯è½‰åˆ°å°æ˜Ÿ1111å¹¾å¤©ï¼Œ å¾ˆç¥žå¥‡ï¼ŒçœŸçš„æ¯”è¼ƒè€—é›»ï¼ å…¶å®ƒæ¢ä»¶APPå®Œå…¨ç›¸åŒï¼Œç¡¬æ˜¯å¤šè€—é›»10~20ï¼… çœŸçš„å¾ˆå¦™,ä¹Ÿã€€ ï¼Œã€€ ä½†ã€€ å‰›ã€€ å¾žã€€ ï¼Œã€€  ã€€ å¾ˆã€€ ï¼Œã€€ çœŸçš„ã€€ æ¯”è¼ƒã€€ ï¼ã€€  ã€€ APPã€€ å®Œå…¨ã€€ ï¼Œã€€ ç¡¬æ˜¯ã€€ å¤šã€€ ~ã€€  ã€€ çœŸçš„ã€€ å¾ˆã€€
267,å¸Œæœ›å¤§å®¶ä¸è¦è¾¦ä¸­è¯æ‹œè¨—å¤§å®¶äº†,ä¸è¦ã€€ äº†ã€€
268,æœ€è¿‘ä¸­è¯å›žåˆ°å®¶éƒ½è¢«é™åˆ°å‰©10Mï¼Œæ·é‹å’Œå…¬å¸æ˜¯æ­£å¸¸çš„ æ‹¿è€å©†æ¯æœˆ10Gçš„ä¸­è¯è©¦ä¹Ÿä¸€æ¨£è¢«é™10M,éƒ½ã€€ è¢«ã€€ åˆ°ã€€ ï¼Œã€€ å’Œã€€ æ˜¯ã€€ çš„ã€€  ã€€ çš„ã€€ ä¹Ÿã€€ è¢«ã€€ Mã€€
269,ç”Ÿæ´»åœˆä¸­è¯oké †é †ç”¨,okã€€ ç”¨ã€€
270,å¹¸ç¦199~ æˆ‘çˆ¸åª½éžå¸¸æ»¿æ„,~ã€€  ã€€ éžå¸¸ã€€
271,ä¸­è¯åœ¨æ–‡å¤§æ‰æ˜¯æœ€çˆ›çš„,åœ¨ã€€ æ‰ã€€ æ˜¯ã€€ æœ€ã€€ çš„ã€€
272,ä¸­è¯é›»ä¿¡å·²ç¶“æ”¾æ£„4Gäº†ï¼Ÿ,å·²ç¶“ã€€ äº†ã€€ ï¼Ÿã€€
273,15æ¯«ç§’ æˆ‘ä¸­è¯4Géƒ½èƒ½11æ¯«ç§’äº† é€™æ¨£çš„PINGå€¼ä¸è¡Œ! ç›®å‰çœ‹åˆ°ä¸­è¯æœ€é«˜çš„PINGå€¼ å°å“¥å¤§ç«Ÿç„¶25æ¯«ç§’!, ã€€ éƒ½ã€€ èƒ½ã€€ äº†ã€€  ã€€ çš„ã€€ PINGã€€ !ã€€  ã€€ æœ€ã€€ çš„ã€€ PINGã€€  ã€€ ç«Ÿç„¶ã€€ !ã€€
274,ç”¨äº†è²´å…¬å¸çš„hamivideoå¤šå¹´äº†ï¼Œä¹‹å‰ä½¿ç”¨CHROMECASTæŠ•æ”¾è‡³é›»è¦–çœ‹é›»å½±éƒ½æ²’å•é¡Œï¼Œå¯æ˜¯æœ€è¿‘æœ‰å¾ˆå¤šå½±ç‰‡éƒ½ç„¡æ³•æŠ•æ”¾ ï¼Œåªèƒ½åœ¨æ‰‹æ©Ÿæ­£å¸¸æ’¥æ”¾ã€‚,äº†ã€€ çš„ã€€ hamivideoã€€ äº†ã€€ ï¼Œã€€ CHROMECASTã€€ è‡³ã€€ éƒ½ã€€ ï¼Œã€€ å¯æ˜¯ã€€ éƒ½ã€€ ç„¡æ³•ã€€  ã€€ ï¼Œã€€ åªã€€ èƒ½ã€€ åœ¨ã€€ ã€‚ã€€
275,ä¸­è¯é›»ä¿¡çš„å±è‚¡è¦æ‹‰åˆ°è„«å²¡äº†æžä¸å¥½åˆåœ¨ç”¨æ–¹æ¡ˆç åƒåˆ°é£½,çš„ã€€ è¦ã€€ äº†ã€€ æžä¸å¥½ã€€ åˆã€€ åœ¨ã€€ åˆ°ã€€
276,é€™æ–¹æ¡ˆæœ‰æ¯”è¼ƒå„ªå—Žï¼Ÿ,æ¯”è¼ƒã€€ å—Žã€€ ï¼Ÿã€€
277,åªæœ‰é å‚³ï¼Œæ‰æœ‰è·é›¢,åªæœ‰ã€€ ï¼Œã€€ æ‰ã€€
278,æ›5gæ‰‹æ©Ÿå¾Œé å‚³èªªé–‹é€š5gé«”é©—1å€‹æœˆ åˆ°ç¾åœ¨ä¹Ÿæ²’çœ‹éŽè®Š5gç¶²è·¯é‚„è®Šæ…¢, ã€€ åˆ°ã€€ ä¹Ÿã€€ æ²’ã€€ é‚„ã€€
279,é‚„æ˜¯ä¸­è¯å¥½ï¼,é‚„æ˜¯ã€€ ï¼ã€€
280,æˆ‘è¦æ­»äº†ï¼Œä»–å€‘ç”¨ä¸­è¯é›»ä¿¡ä¸€ç›´lagï¼Œä½ å€‘æ‡‚å§ï¼ï¼ï¼ä¸­è¯é›»ä¿¡å€’é–‰ï¼ï¼,è¦ã€€ äº†ã€€ ï¼Œã€€ ç”¨ã€€ ä¸€ç›´ã€€ lagã€€ ï¼Œã€€ å§ã€€ ï¼ã€€ ï¼ã€€ ï¼ã€€ ï¼ã€€ ï¼ã€€
281,çœŸå‡çœ‹ä¾†ä¸­è¯é›»ä¿¡è »çµ¦åŠ›çš„,çœ‹ä¾†ã€€ è »ã€€ çš„ã€€
282,ä¸­è¯é›»ä¿¡ä¹Ÿæ˜¯å®Œå…¨è·‘ä¸å‹•,ä¹Ÿã€€ æ˜¯ã€€ å®Œå…¨ã€€
283,è·¨å¹´çš„ç¾å ´è¨Šè™Ÿä¹Ÿæ˜¯å¾ˆæ…˜å‘€,çš„ã€€ ä¹Ÿã€€ æ˜¯ã€€ å¾ˆã€€ å‘€ã€€
284,4Gæ”¶è¨Šå°±é€™éº¼ä¸å¥½ï¼Œé‚„5G,å°±ã€€ é€™éº¼ã€€ ä¸ã€€ ï¼Œã€€ é‚„ã€€ Gã€€
285,ç¾åœ¨4Gé€™éº¼æ…¢é‚„æƒ³è¦5Gå•Š,é€™éº¼ã€€ é‚„ã€€ å•Šã€€
286,å°å•Š 4Géƒ½å¿«æ²’æ”¶è¨Šäº†ï¼é‚„æŽ¨5Gä¾†é¨™éŒ¢,å•Šã€€  4Gã€€ éƒ½ã€€ å¿«ã€€ æ²’ã€€ äº†ã€€ ï¼ã€€ é‚„ã€€ 5Gã€€ ä¾†ã€€
287,å¯æ˜¯æœ‰5Gäº†4Gæ„Ÿè¦ºç¶²é€Ÿè®Šæ…¢äº†,å¯æ˜¯ã€€ äº†ã€€ äº†ã€€
288,4Géƒ½æ²’æ”¶è¨Šåæ‡‰ä¹Ÿæ²’æ”¹å–„é‚„5Gå‹’ä¸å°±æ›´æ…˜äº†å°±åªæœƒä¸€ç›´é¨™éŒ¢è€Œå·²,4Gã€€ éƒ½ã€€ æ²’ã€€ ä¹Ÿã€€ æ²’ã€€ é‚„ã€€ 5Gã€€ ä¸ã€€ å°±ã€€ æ›´ã€€ äº†ã€€ å°±ã€€ åªã€€ æœƒã€€ ä¸€ç›´ã€€ è€Œå·²ã€€
289,æœ€è¿‘æ”¶è¨Šé€™éº¼å·®é‚„æ–·è¨Š,é€™éº¼ã€€ é‚„ã€€
290,4Géƒ½çˆ›çˆ†äº† é‚„5Gå“ˆå“ˆå“ˆå“ˆå“ˆå“ˆ,éƒ½ã€€ äº†ã€€  ã€€ é‚„ã€€ Gã€€ å“ˆå“ˆã€€ å“ˆå“ˆã€€ å“ˆå“ˆã€€
291,1399ä¾¿å®œã„‡ï¼Ÿ,ã„‡ã€€ ï¼Ÿã€€
292,æˆ‘åªèƒ½èª¬è¶Šä¾†è¶Šçˆ›ï¼ŒéŒ¢è¶Šæ”¶è¶Šè²´,åªã€€ èƒ½ã€€ è¶Šä¾†è¶Šã€€ ï¼Œã€€ è¶Šã€€ è¶Šã€€
293,æ­å–œå—åˆ°è¨Šè™Ÿäº†ä½†æˆ‘çš„ç¨®èŠ±é›»ä¿¡åœ¨äºŒæ¨“å°±è®“æˆ‘æ²’è¾¦æ³•åˆ·æŽ¨ç‰¹äº†ï¼ˆæ—©ä¸Šå¯ä»¥æ™šä¸Šä¸è¡Œï¼Œæœ‰å¤ ç¥žå¥‡,äº†ã€€ ä½†ã€€ çš„ã€€ åœ¨ã€€ å°±ã€€ äº†ã€€ ï¼ˆã€€ å¯ä»¥ã€€ ï¼Œã€€ æœ‰å¤ ã€€
294,ä¾¿å®œçš„å°æ˜Ÿå›‰,çš„ã€€ å›‰ã€€
295,",ä¸­è¯çµ¦ äº†æˆ‘ç¸®æ°´é€šè©±çš„499çºŒç´„æ–¹æ¡ˆ,æˆ‘å°±ä¸æƒ³çºŒç´„äº†",",ã€€  ã€€ äº†ã€€ çš„ã€€ ,ã€€ å°±ã€€ ä¸ã€€ äº†ã€€"
296,myvideoçœŸçš„æ˜¯æˆ‘ç”¨éŽæœ€å¥½ç”¨çš„è§€å½±appï¼Œæ­¡è¿Žå¤§å®¶ä¸€åŒä¸‹è¼‰ä½¿ç”¨â™¥ï¸,myvideoã€€ çœŸçš„ã€€ æ˜¯ã€€ éŽã€€ æœ€ã€€ çš„ã€€ appã€€ ï¼Œã€€ ä¸€åŒã€€ â™¥ï¸ã€€
297,è¬›å¥½è½è‡ªå‹•å‡ç´šï¼Œå…¶å¯¦æ˜¯æƒ³ç¶ä½é«˜è³‡è²»ç”¨æˆ¶ï¼Œç¹¼çºŒæ•²ç›¤å­,ï¼Œã€€ å…¶å¯¦ã€€ æ˜¯ã€€ ï¼Œã€€
298,æœˆè²»1399ä¸æ˜¯è¢«ç•¶ç›¤å­æ•²å§ðŸ§ï¼Ÿ,ä¸ã€€ æ˜¯ã€€ è¢«ã€€ å§ã€€ ðŸ§ã€€ ï¼Ÿã€€
299,å•é¡Œåœ¨ä¸­è¯é›»ä¿¡å®šåƒ¹é«˜æ–¼4G,åœ¨ã€€
300,æœ€æ£’çš„ä¸­è¯é›»ä¿¡,æœ€ã€€ çš„ã€€
301,ä¸­è¯é›»ä¿¡4Gä¸­åˆé¡¯ç¤ºæ»¿æ ¼ï¼Œçµæžœæ²’ç¶²è·¯ç”¨æ¸¬é€Ÿè»Ÿé«”çœ‹ï¼Œä¸Šä¸‹å‚³éƒ½ä½Žæ–¼1kbä½†12:50-55å·¦å³ ç¶²è·¯åˆçªç„¶å¾©æ´»å¯ä»¥åˆ°7-8Mbè«‹å•é€™ç¨®æœ‰è§£å—ŽQQ--,ï¼Œã€€ çµæžœã€€ ç”¨ã€€ ï¼Œã€€ éƒ½ã€€ kbã€€ ä½†ã€€ :ã€€  ã€€ åˆã€€ çªç„¶ã€€ å¯ä»¥ã€€ Mbã€€ å—Žã€€ Qã€€ Q--ã€€
302,ä¿¡è™Ÿå‡½è“‹å°±ä¸­è¯è€Œå·²ã€‚,å°±ã€€ è€Œå·²ã€€ ã€‚ã€€
303," ä¸­è¯çš„æœˆç§Ÿè²»åªèƒ½å¾€ä¸Šä¸èƒ½å¾€ä¸‹ï¼ 699æœˆç§Ÿä¸èƒ½è¾¦499 488å°±æ›´ä¸ç”¨æƒ³äº†,æ²’æœ‰è€å®¢æˆ¶çš„ä»½ é™¤éžä½ æ˜¯åˆ¥å®¶é›»ä¿¡NPä¾†ä¸­è¯é€™æ¨£å­ä½ çš„å„ªæƒ æ¢ä»¶æœƒæ¯”å¹¾åå¹´çš„ä¸­è¯è€å®¢æˆ¶å¥½"," ã€€ çš„ã€€ åªã€€ èƒ½ã€€ å¾€ã€€ ä¸èƒ½ã€€ å¾€ã€€ ï¼ã€€  699ã€€ ä¸èƒ½ã€€  ã€€ å°±ã€€ æ›´ã€€ ä¸ç”¨ã€€ äº†ã€€ ,ã€€ çš„ã€€  ã€€ é™¤éžã€€ æ˜¯ã€€ NPã€€ çš„ã€€ æœƒã€€ æ¯”ã€€ çš„ã€€"
304,ä¸­è¯é›»ä¿¡æ˜¯ä¸æ˜¯æ€ªæ€ªçš„å•Š,æ˜¯ã€€ ä¸ã€€ æ˜¯ã€€ çš„ã€€ å•Šã€€
305,å‰å¤©å—ä¸äº†æ¸¬äº†ä¸€ä¸‹å°å“¥å¤§ä¹Ÿæ˜¯åœ¨ç§€ä¸‹é™â€¦,äº†ã€€ ä¹Ÿã€€ æ˜¯ã€€ åœ¨ã€€ â€¦ã€€
306,åŒæ¨£çš„æ¢ä»¶ï¼Œæˆ‘çš„äºžå¤ªé›»ä¿¡æ‰299....,çš„ã€€ ï¼Œã€€ çš„ã€€ æ‰ã€€ ...ã€€ .ã€€
307,å¦‚æžœçœŸçš„é‚„è¦å«Œçš„è©± é ‚å¤šå°±æ˜¯ç”¨å°ç£ä¹‹æ˜Ÿé‚£é¡žä»¥åƒ¹å£“è³ªçš„,å¦‚æžœã€€ çœŸçš„ã€€ é‚„è¦ã€€ çš„è©±ã€€  ã€€ é ‚å¤šã€€ å°±ã€€ æ˜¯ã€€ ç”¨ã€€ ä¹‹ã€€ ä»¥ã€€ çš„ã€€
308,é€šè©±ä¼¼ä¹Žå¾ˆæ…˜,ä¼¼ä¹Žã€€ å¾ˆã€€
309,ç¶²è·¯å€’æ˜¯ä¸éŒ¯,å€’æ˜¯ã€€
310,å…¬æ•™ä¸éƒ½488å—Ž ä½ çš„æ¯”è¼ƒè²´XD,ä¸ã€€ éƒ½ã€€ å—Žã€€  ã€€ çš„ã€€ æ¯”è¼ƒã€€ Xã€€ Dã€€
311,æˆ‘æ˜¯å°ç£å¤§ç”¨æˆ¶ ç¾åœ¨å“è³ªæ„Ÿè¦ºé‚„ä¸éŒ¯,æ˜¯ã€€  ã€€ é‚„ã€€
312,ç¶²è·¯è¶…ç´šä¸ç©©,è¶…ç´šã€€ ä¸ã€€
313,åžƒåœ¾å®¢æœä¸è½ äººèªªè©±,ä¸ã€€  ã€€
314,åžƒåœ¾ç¶²è·¯ä¸ç©©å®š,ä¸ã€€
315,é ç¶²è·¯å¾ˆç³Ÿ,å¾ˆã€€
316,åžƒåœ¾ç¨‹å¼,
317,åžƒ,
318,æˆ‘é‚„æƒ³æ”¾æ£„ä¸­è¯å‹’ æœ‰å¤ çˆ›,é‚„ã€€  ã€€ æœ‰å¤ ã€€
319,ä¸­è¯æ£’â¤ï¸,â¤ã€€ ï¸ã€€
320,ä¸­è¯å’Œäºžå¤ªï¼Œéƒ½åœ¨çŽ©é™é€Ÿ2. 01Mçš„å¤§åœ°éŠæˆ²ï¼Œé€£3Gæ™‚ä»£å‡é€Ÿéƒ½ä¸åˆ°ï¼Œé‚„æœŸå¾…å•¥å¿«5-10å€ï¼Œ3Gæ™‚ä»£æœ€é«˜é€Ÿæ˜¯75Mï¼Œç¾åœ¨4Gæœ€ä½Žé€Ÿæ˜¯2.01Mï¼Œå¤§å®¶æœ‰ æ²’æœ‰è¦ºå¾—ä¸–äº‹å¦‚æ£‹ã€ä¹¾å¤èŽ«æ¸¬ã€ç¬‘ç›¡....å¤§å®¶é‚„æ˜¯ç”¨æœ€ä¾¿å®œçš„å°±å¥½,å’Œã€€ ï¼Œã€€ éƒ½ã€€ åœ¨ã€€ Mã€€ çš„ã€€ ï¼Œã€€ é€£ã€€ éƒ½ã€€ ï¼Œã€€ é‚„ã€€ ï¼Œã€€ æœ€ã€€ æ˜¯ã€€ ï¼Œã€€ æœ€ã€€ æ˜¯ã€€ Mã€€ ï¼Œã€€  ã€€ æ²’æœ‰ã€€ å¦‚ã€€ ã€ã€€ ã€ã€€ .ã€€ .ã€€ .ã€€ .ã€€ é‚„æ˜¯ã€€ ç”¨ã€€ æœ€ã€€ çš„ã€€ å°±ã€€
321,ä¸­è¯å’Œäºžå¤ªï¼Œéƒ½åœ¨çŽ©é™é€Ÿ2. 01Mçš„å¤§åœ°éŠæˆ²ï¼Œé€£3Gæ™‚ä»£å‡é€Ÿéƒ½ä¸åˆ°ï¼Œé‚„æœŸå¾…å•¥å¿«5-10å€ï¼Œ3Gæ™‚ä»£æœ€é«˜é€Ÿæ˜¯75Mï¼Œç¾åœ¨4Gæœ€ä½Žé€Ÿæ˜¯2.01Mï¼Œå¤§å®¶æœ‰ æ²’æœ‰è¦ºå¾—ä¸–äº‹å¦‚æ£‹ã€ä¹¾å¤èŽ«æ¸¬ã€ç¬‘ç›¡....å¤§å®¶é‚„æ˜¯ç”¨æœ€ä¾¿å®œçš„å°±å¥½,å’Œã€€ ï¼Œã€€ éƒ½ã€€ åœ¨ã€€ Mã€€ çš„ã€€ ï¼Œã€€ é€£ã€€ éƒ½ã€€ ï¼Œã€€ é‚„ã€€ ï¼Œã€€ æœ€ã€€ æ˜¯ã€€ ï¼Œã€€ æœ€ã€€ æ˜¯ã€€ Mã€€ ï¼Œã€€  ã€€ æ²’æœ‰ã€€ å¦‚ã€€ ã€ã€€ ã€ã€€ .ã€€ .ã€€ .ã€€ .ã€€ é‚„æ˜¯ã€€ ç”¨ã€€ æœ€ã€€ çš„ã€€ å°±ã€€
322,ä¹Ÿçµ¦é å‚³æ´—è‡‰ï¼Œè±¡å¾µä¸­è¯è·Ÿå°å“¥å¤§æ˜¯6æœˆåŒå¤©é–‹å°ï¼Œè€Œé å‚³å»è¦åˆ°7æœˆæ‰é–‹å°,ä¹Ÿã€€ çµ¦ã€€ ï¼Œã€€ è·Ÿã€€ æ˜¯ã€€ ï¼Œã€€ è€Œã€€ å»ã€€ è¦ã€€ åˆ°ã€€ æ‰ã€€
323,å°å“¥æ ¹æœ¬ä¸æ˜¯ä¸‰é›„â€¦,æ ¹æœ¬ã€€ ä¸ã€€ æ˜¯ã€€ â€¦ã€€
324,ä¸­è¯è¶…å¡ï¼Œæ…¢åˆ°è¦åˆ‡æˆ3Gé‚„æ¯”è¼ƒå¿«,ï¼Œã€€ åˆ°ã€€ è¦ã€€ é‚„ã€€ æ¯”è¼ƒã€€
325,5Gè¦†è“‹çŽ‡å°±çœŸçš„ä¸è¡Œ,5Gã€€ å°±ã€€ çœŸçš„ã€€
326,å°ç£ä¹‹æ˜Ÿä½Žåƒ¹é¨™äº›åžƒåœ¾çª®é¬¼å°±å¤ åƒäº†,ä¹‹ã€€ å°±ã€€ äº†ã€€
327,5g è¶…é³¥ é‚„è¦å¡ç†±é»žåˆ†äº« é€£ç”¨4gç†±é»žåˆ†äº«éƒ½ç®—æµé‡ çˆ›é€äº†,é‚„ã€€  ã€€ é€£ã€€ ç”¨ã€€ éƒ½ã€€  ã€€ é€ã€€ äº†ã€€
328,è­‰æ˜Žé å‚³è¨­è¨ˆçš„æ¯”è¼ƒå¥½ ðŸ‘,çš„ã€€ æ¯”è¼ƒã€€  ã€€ ðŸ‘ã€€
329,å°å“¥å¤§æœ€æ…¢æœ€ä¸ç©©,æœ€ã€€ æœ€ã€€ ä¸ã€€
330,ä¸­è¯ç›®å‰è©¦äº†å…©å¤©é«”é©—æœ€å¥½ ï¼Œæœ€ç©©,äº†ã€€ æœ€ã€€  ã€€ ï¼Œã€€ æœ€ã€€
331,äºžå¤ªï¼šé™ªå…¬å­ç·´åŠ,ï¼šã€€
332,äºžå¤ªå€’æ˜¯å¢žåŠ ä¸å°‘.åªæ˜¯éƒ½æ²’å¢žåŠ åˆ°æˆ‘å€‘å®¶é€™,å€’æ˜¯ã€€ .ã€€ åªæ˜¯ã€€ éƒ½ã€€ æ²’ã€€ åˆ°ã€€
333,å°å“¥å¤§ä¸å®‰ï¼Œæˆ‘ä¹Ÿä¸å®‰,ï¼Œã€€ ä¹Ÿã€€
334,ç´€éŒ„ç‰‡è²§è„Šåˆ° å¯æ‚², ã€€
335,ä½å…ƒçŽ‡å¤ªä½Žç•«è³ªå¾ˆç³Ÿç³•,å¤ªã€€ å¾ˆã€€
336,å¹¹å˜›é‚„è¨‚é–±fox+,å¹¹å˜›ã€€ é‚„ã€€ fox+ã€€
337,ä¸­è¯å¾ˆçµ¦åŠ›,å¾ˆã€€
338,ä¸­è¯ä¸€ç›´å¾ˆå¼· ä¹Ÿå¾ˆè²´,ä¸€ç›´ã€€ å¾ˆã€€  ã€€ ä¹Ÿã€€ å¾ˆã€€
339,é€™å°±æ˜¯å‘éŒ¢å•Šã€‚,å°±ã€€ æ˜¯ã€€ å•Šã€€ ã€‚ã€€
340,å°å“¥æ”¶è¨Š...NPæº–å‚™è¢«é åŒ—åˆ°æ­»,...ã€€ NPã€€ è¢«ã€€ é ã€€ åˆ°ã€€
341,ä¸€ç›´è¢«ç•¶ç›¤ä»”ç¹³éŒ¢ï¼ˆå¥¹ä¸­è¯çš„ï¼‰æ¯å€‹æœˆéƒ½ç¹³1399,ä¸€ç›´ã€€ è¢«ã€€ ï¼ˆã€€ çš„ã€€ ï¼‰ã€€ éƒ½ã€€
342,ç¨®èŠ±å‡4g,
343,è¦ç©é †çœ‹ï¼Œä¸­è¯æ¯”è¼ƒä¿éšª,è¦ã€€ ç©é †ã€€ ï¼Œã€€ æ¯”è¼ƒã€€
344,ä¸­è¯ç¾åœ¨ä¸Šå‚³åœ¨éžé¬§å€ å¤§æ¦‚éƒ½å¯ä»¥50~60mé¬§å€å°±æ¯”è¼ƒå®¹æ˜“GG,åœ¨ã€€  ã€€ å¤§æ¦‚ã€€ éƒ½ã€€ å¯ä»¥ã€€ ~ã€€ mã€€ å°±ã€€ æ¯”è¼ƒã€€ Gã€€ Gã€€
345,HamiPay å†åº¦ç„¡æ³•ä¸‹è¼‰,HamiPayã€€  ã€€ å†åº¦ã€€ ç„¡æ³•ã€€
346,åŽŸæœ¬çš„è¦æŒ‰ä¸€å †æ‰èƒ½è½‰å®¢æœçœŸçš„è¶…é³¥,çš„ã€€ è¦ã€€ æŒ‰ã€€ èƒ½ã€€ çœŸçš„ã€€
347,ä¸­è¯å°±æ˜¯æ¯”å…¶ä»–å®¶è²´ï¼Œå°è€å®¢æˆ¶ä¹Ÿä¸å¥½....å”‰,å°±ã€€ æ˜¯ã€€ æ¯”ã€€ ï¼Œã€€ å°ã€€ ä¹Ÿã€€ ä¸ã€€ .ã€€ .ã€€ .ã€€ .ã€€ å”‰ã€€
348,ç›®å‰éƒ½ç”¨499åœ¨æ’‘ä½†ç¶²é€Ÿå¯¦åœ¨ä¸çµ¦åŠ›,éƒ½ã€€ ç”¨ã€€ åœ¨ã€€ ä½†ã€€ å¯¦åœ¨ã€€ ä¸ã€€
349,ä¸­è¯é›»ä¿¡ä¸€ç›´æ²’å‹•éœé˜¿.............................å•ƒ....éƒ½æƒ³è·³åˆ°é å‚³äº†....,ä¸€ç›´ã€€ é˜¿ã€€ ...........................ã€€ .ã€€ .ã€€ ...ã€€ .ã€€ éƒ½ã€€ äº†ã€€ ...ã€€ .ã€€
350,å°å“¥å¤§ç®—ä¸­è¦ä¸­çŸ©,
351,ä¸­è¯æˆ‘è¾¦éŽè©¦ç”¨å¡ å¾ˆæ…˜,éŽã€€  ã€€ å¾ˆã€€
352,ä¸­è¯é‚£æ¨£çœ‹å€‹YOUTUBEå¯ä»¥ä¸€ç›´è½‰åœˆ,å€‹ã€€ YOUTUBEã€€ å¯ä»¥ã€€ ä¸€ç›´ã€€
353,ä¸­è¯å¥½åƒå°±æ²’é€™éº¼çœ,å¥½åƒã€€ å°±ã€€ æ²’ã€€ é€™éº¼ã€€
354,äºžå¤ª11çœŸçš„å¾ˆçœ,çœŸçš„ã€€ å¾ˆã€€
355,ä»¥å‰å•ä¸­è¯é›»ä¿¡èªªæƒ³è¦è£éƒ½ä¸çµ¦è£,éƒ½ã€€ ä¸ã€€
356,"GtPayçš„""æ™ºæ…§ç¹³è²»""å¾ˆå¥½ç”¨","GtPayã€€ çš„ã€€ ""ã€€ ""ã€€ å¾ˆã€€"
357,äºžå¤ªé€™éº¼æ²’å¿—æ°£,é€™éº¼ã€€
358,Hami Pointç”¨é€”å¤šå¤š,Hamiã€€  ã€€ Pointã€€ å¤šå¤šã€€
359,ç§Ÿmyvideoé»‘é­”å¥³2ä¾†çœ‹çˆ½,myvideoã€€ ä¾†ã€€
360,æŽ¨åœ¨å®¶çœ‹myvideo,åœ¨ã€€ myvideoã€€
361,ç©©å®šçš„ä¸­è¯é›»ä¿¡,çš„ã€€
362,åæŽ¨é éŠå¡ï¼Œè¶…å´©æ½°,åã€€ ï¼Œã€€ è¶…å´©æ½°ã€€
363,æœ‰ä¸Šé™é‚„å«åƒåˆ°é£½?,é‚„ã€€ åˆ°ã€€ ?ã€€
364,ä¸­è¯ç›¸å°ç©©å®šäº›,äº›ã€€
365,æ¯”å°ç£ä¹‹æ˜Ÿå·®,æ¯”ã€€ ä¹‹ã€€
366,ä¸­è¯åªæœ‰æ”¶è²»æ²’æœ‰å“è³ªå—Žï¼Ÿ,åªæœ‰ã€€ å—Žã€€ ï¼Ÿã€€
367,ä¸é™é€Ÿåƒåˆ°é£½é€™399é‚„ä¸ éŒ¯,ä¸ã€€ åˆ°ã€€ é‚„ã€€ ä¸ã€€
368,319é€Ÿåº¦æ¯”è¼ƒæ…¢,æ¯”è¼ƒã€€
369,hamié€™å€‹æ´»å‹•æŒºä¸éŒ¯çš„,hamiã€€ æŒºã€€ çš„ã€€
370,çœ‹é›»å½±ç„¶å¾Œåˆæœ‰hamié»žæ•¸æ‹¿çœŸçš„è »çˆ½çš„~,ç„¶å¾Œã€€ åˆã€€ hamiã€€ çœŸçš„ã€€ è »ã€€ çš„ã€€ ~ã€€
371,æ–°æ‰‹é•·è¼©å€‘ç„¡è…¦å­˜ä¸­è¯å•Š,å•Šã€€
372,ç²åˆ©çŽ‹å°ç£å¤§çœŸçš„å¤ çˆ›,çœŸçš„ã€€ å¤ ã€€
373,äºžå¤ªè¹­é£¯ä»”è¦èµ·é£›äº†,è¦ã€€ äº†ã€€
374,å°å“¥å¤§åˆ°åº•é‚„æœ‰æ²’æœ‰å¿ƒæƒ³è¦ç«¶çˆ­å•Šï¼Ÿ,åˆ°åº•ã€€ é‚„ã€€ æ²’æœ‰ã€€ å•Šã€€ ï¼Ÿã€€
375,å¸¸ç”¨myVideoçœ‹é›»å½±ï¼Œè²»ç”¨å…¶å¯¦ä¸æœƒå¤ªé«˜,å¸¸ã€€ ç”¨ã€€ myã€€ Videoã€€ ï¼Œã€€ å…¶å¯¦ã€€ ä¸æœƒã€€ å¤ªã€€
376,ä¸­è¯åœ‹ç‡Ÿæ¯”è¼ƒå°‘åœ¨æžé™é€Ÿ,æ¯”è¼ƒã€€ åœ¨ã€€
377,æˆ‘ä¸­è¯é›»ä¿¡ä¹Ÿæœƒå¡è€¶é€™ä¸€å®šæ˜¯çµ±æˆ°,ä¹Ÿã€€ æœƒã€€ è€¶ã€€ ä¸€å®šã€€ æ˜¯ã€€
378,MyVideoå…è²»ä¹Ÿå¾ˆå¤š,Myã€€ Videoã€€ ä¹Ÿã€€
379,åŒæŽ¨myVideoä»‹é¢å¾ˆå¥½ä¸Šæ‰‹ åˆ†é¡žæ»¿ç´° ä¹Ÿå¸¸å¸¸æœ‰æŽ¨è–¦çš„ç‰‡å–®ç„¶å¾Œå®ƒä¹Ÿæœ‰å®¶åº­æ–¹æ¡ˆ æœˆè²»æ²’æœ‰Netflixé€™éº¼é«˜ ç®—æ»¿è¦ªæ°‘çš„,åŒã€€ myVideoã€€ å¾ˆã€€  ã€€ æ»¿ã€€  ã€€ ä¹Ÿã€€ å¸¸å¸¸ã€€ çš„ã€€ ç„¶å¾Œã€€ ä¹Ÿã€€  ã€€ Netflixã€€ é€™éº¼ã€€  ã€€ æ»¿ã€€ çš„ã€€
380,æ¯”éŽå¹´å‰é‚„æ…¢,æ¯”ã€€ é‚„ã€€
381,æ…¢åˆ°é–ƒé€€ å·®é»žæ®ºäººï¼,åˆ°ã€€  ã€€ å·®é»žã€€ ï¼ã€€
382,äºžå¤ªåˆæ”¾æ£„ï¼Œéƒ­è‘£ä½ é‚„æ˜¯æŠŠäºžå¤ªè³£çµ¦æœ‰å¿ƒç¶“ç‡Ÿçš„äººå§ï¼,åˆã€€ ï¼Œã€€ é‚„æ˜¯ã€€ æŠŠã€€ çš„ã€€ å§ã€€ ï¼ã€€
383,ç”¨éŽéƒ½èªªâ€å¹¹â€,éŽã€€ éƒ½ã€€ â€ã€€ å¹¹ã€€ â€ã€€
384,è³‡è²»ç¨é«˜æ‡‰è©²æ˜¯å¯ä»¥æŽ¥å—çš„,ç¨ã€€ æ‡‰è©²ã€€ æ˜¯ã€€ å¯ä»¥ã€€ çš„ã€€
385,ä¸­è¯å¾ˆè²´ä¸è€ƒæ…®,å¾ˆã€€ ä¸ã€€
386,è€å®¢æˆ¶éƒ½æ˜¯è¢«ç•¶æˆå±Žä¾†çœ‹çš„ï¼Œæ²’æœ‰åƒ¹å€¼ã€‚,éƒ½ã€€ æ˜¯ã€€ è¢«ã€€ ä¾†ã€€ çš„ã€€ ï¼Œã€€ ã€‚ã€€
387,é›»ä¿¡å…¬å¸æœ€ä¸æœƒç…§é¡§è€å®¢æˆ¶,æœ€ã€€ ä¸æœƒã€€
388,"è€å®¢æˆ¶ä¸ç®¡ç”¨å¹¾å¹´,å„ªæƒ æ°¸é æ¯”ä¸ä¸ŠNPä¾†çš„æ–°å®¢æˆ¶","ä¸ç®¡ã€€ ç”¨ã€€ ,ã€€ æ°¸é ã€€ NPã€€ çš„ã€€"
389,æ²’æ¯”äºžå¤ªé›£ç”¨å§ï¼Ÿ,æ²’ã€€ æ¯”ã€€ å¤ªã€€ å§ã€€ ï¼Ÿã€€
390,å°å“¥å¤§æœ€å¥½ä½¿,æœ€å¥½ã€€
391,é€™å€‹è²»çŽ‡å·²ç¶“æ¯”ä»¥å‰è¼•é¬†å¾ˆå¤šäº†,å·²ç¶“ã€€ æ¯”ã€€ äº†ã€€
392,å°å…¶å“è³ªè¼ƒæœ‰ä¿¡å¿ƒ,å°ã€€ è¼ƒã€€
393,ä¸è€ƒæ…®488+ç©ºæ©Ÿï¼Œè€åª½è¦ºå¾—éº»ç…©,ä¸ã€€ ï¼Œã€€
394,å›žè¦†å®Œå…¨æ•·è¡äº†äº‹,å®Œå…¨ã€€
395,é ä»˜å¡ åªæœ‰æ‚²åŠ‡è€Œå·², ã€€ åªã€€ è€Œå·²ã€€
396,æ¯”è¼ƒæ…¢+1,æ¯”è¼ƒã€€
397,ä¸­è¯åƒä¸é£½,ä¸ã€€
398,ä¸­è¯é›»ä¿¡æ–¹æ¡ˆé‚„ä¸ç”¨2700å°±å¯è²·åˆ°,é‚„ã€€ ä¸ç”¨ã€€ å°±ã€€ å¯ã€€
399,å°å“¥å¥½åƒè·Ÿé å‚³äº”äº”æ³¢,å¥½åƒã€€ è·Ÿã€€
400,é å‚³ç›´ç‡Ÿè‡ªç‡Ÿé¸æ“‡çœ‹æ«ƒå“¡æ˜¯ä¸æ˜¯å¥½äººï¼Œè¢«é€šè¨Šè¡Œå‘éŽä½†ä¹Ÿè¢«ç›´ç‡Ÿå”¬çˆ›éŽ,æ˜¯ã€€ ä¸ã€€ æ˜¯ã€€ ï¼Œã€€ è¢«ã€€ éŽã€€ ä½†ã€€ ä¹Ÿã€€ è¢«ã€€ éŽã€€
401,çˆ½ï¼Œåˆæ˜¯ä¸­è¯è·Ÿé å‚³ä½”æœ€å¤š~!!,ï¼Œã€€ åˆã€€ æ˜¯ã€€ è·Ÿã€€ ~ã€€ !ã€€ !ã€€
402,ä¸ç„¶ä¸æ›‰å¾—è¦è¢«ç¨®èŠ±å‘å¹¾å¹´äº†....,ä¸ç„¶ã€€ ä¸ã€€ è¦ã€€ è¢«ã€€ äº†ã€€ .ã€€ .ã€€ .ã€€ .ã€€
403,çºŒç´„488æ˜¯ä¸å¯èƒ½çš„ï¼Œæˆ‘ 21å¹´è€å®¢æˆ¶äº†ï¼Œæ²’æœ‰ä»»ä½•ç•™æˆ‘çš„æ„æ€,ç´„ã€€ æ˜¯ã€€ çš„ã€€ ï¼Œã€€  ã€€ äº†ã€€ ï¼Œã€€ çš„ã€€
404,äºžå¤ªæ¯”è¼ƒè½æ¼†,æ¯”è¼ƒã€€
405,æˆ‘ç”¨äºžå¤ªä¹Ÿæ˜¯å¾ˆé †,ç”¨ã€€ ä¹Ÿã€€ æ˜¯ã€€ å¾ˆã€€
406,ä¸­è¯ï¼Œä¸çŸ¥é“æ˜¯æˆ‘ç¶“éŽçš„å€åŸŸä½¿ç”¨äººç‰¹åˆ¥å¤šé‚„æ˜¯å…¶ä»–åŽŸå› ï¼Œå°±æ˜¯ç”¨ä¸€ç”¨çªç„¶å¾ˆé “,ï¼Œã€€ ä¸ã€€ æ˜¯ã€€ çš„ã€€ é‚„æ˜¯ã€€ ï¼Œã€€ å°±æ˜¯ã€€ ä¸€ã€€ çªç„¶ã€€ å¾ˆã€€
407,è²·ç©ºæ©Ÿåœ¨æ‰“é…499æˆ–699éƒ½åˆ’ç®—,åœ¨ã€€ æˆ–ã€€ éƒ½ã€€
408,é‚„æ˜¯ä¸­è¯å¥½ç”¨,é‚„æ˜¯ã€€
409,é å‚³çš„è¡¨ç¾çœŸçš„ä¸å¥½,çš„ã€€ çœŸçš„ã€€ ä¸ã€€
410,ä¸­è¯æ‡‰è©²æ˜¯æœƒæœ€å¥½çš„å“è³ª,æ‡‰è©²ã€€ æ˜¯ã€€ æœƒã€€ æœ€ã€€ çš„ã€€
411,"ä¸æ˜¯ä¸­è¯é›»ä¿¡çš„å•é¡Œ,é»˜é»˜çš„åˆ‡å›ž4G,ç‚ºé€Ÿåº¦è€Œç”Ÿ,å› æ¯”è¼ƒè€Œæ­»!","ä¸ã€€ æ˜¯ã€€ çš„ã€€ ,ã€€ é»˜é»˜ã€€ çš„ã€€ Gã€€ ,ã€€ ç‚ºã€€ è€Œã€€ ,ã€€ å› ã€€ è€Œã€€ !ã€€"
412,ä¸­è¯ç¾åœ¨æ­»è§’è »å¤šçš„ åˆ¥ä»¥ç‚ºåœ¨å¸‚å€æœƒæ²’äº‹,è »ã€€ çš„ã€€  ã€€ åˆ¥ã€€ åœ¨ã€€ æœƒã€€
413,å¸‚å€ä¸€å †äººç”¨ä¸­è¯è‡ªç„¶æ…¢,ç”¨ã€€
414,æ‰“éŠæˆ²æ‰“åˆ°ä¸€åŠä¹Ÿå¯ä»¥æ–·ç·š 4Gé‚„å¯ä»¥è®Šæˆ3G,ä¹Ÿã€€ å¯ä»¥ã€€  4Gã€€ é‚„å¯ä»¥ã€€
415,å°ç£ä¹‹æ˜Ÿä¹Ÿä¸éŒ¯ èªªä¸å®šæœ‰å¤©èƒ½è¿Žé ­è¶•ä¸Šå–”,ä¹‹ã€€ ä¹Ÿã€€  ã€€ èªªä¸å®šã€€ èƒ½ã€€ å–”ã€€
416,æˆ‘æœ¬èº«ä¸»é–€è™Ÿæ˜¯é å‚³é›»ä¿¡ï¼Œæˆ‘æ„Ÿå—ä¸åˆ°çµ±è¨ˆè©²æœ‰çš„é«”é©—ã€‚,æ˜¯ã€€ ï¼Œã€€ ä¸ã€€ è©²ã€€ çš„ã€€ ã€‚ã€€
417,ä¸­è¯å“è³ªå‘ä¾†è¡¨ç¾ç©©å®šæœ‰å£ç¢‘,å‘ä¾†ã€€
418,é‚„åœ¨æœŸå¾…ä¸­è¯zzzZZ,é‚„ã€€ åœ¨ã€€ zzzã€€ ZZã€€
419,åœ‹ç‡Ÿäº‹æ¥­ä¸æ„å¤–â€¦,ä¸ã€€ â€¦ã€€
420,æœ‰éŒ¢æ±ºå®šä¸€åˆ‡,
421,ç›¤å­æ‰åœ¨é€™æ™‚å€™è¾¦5G,æ‰ã€€ åœ¨ã€€ Gã€€
422,å‚»ç“œæ‰æŠ“CHï¼Œæ‹œè¨—...ç¶äº†å¿«30å¹´ï¼Œè·‘äº† Néä»è¦ä¸åˆ°å„ªæƒ ,æ‰ã€€ ï¼Œã€€ ...ã€€ äº†ã€€ å¿«ã€€ ï¼Œã€€ äº†ã€€  Nã€€ ä»ã€€ ä¸ã€€
423,å°æ˜Ÿ5Gï¼ä¸‰é›„4.5G,ï¼ã€€ Gã€€
424,è¾¦499æ ¹æœ¬ç›¤,
425,ä¸­è¯å°±æœ€æ²’èª æ„åˆæ‘³é–€æ˜¨å¤©é‚£åœ–ç¤ºå°±æ¶ˆå¤±å¤§æ¦‚ä¸­è¯è¦ºå¾—å¤ªå¤šäººåœ¨ç­‰é€™å€‹ç°½åˆ°ï¼Œè³ºä¸åˆ°å„²å€¼çš„éŒ¢,å°±ã€€ æœ€ã€€ åˆã€€ å°±ã€€ å¤§æ¦‚ã€€ åœ¨ã€€ ï¼Œã€€ ä¸ã€€ çš„ã€€
426,è¾£äº›èªªé å‚³ç³žçš„ æˆ‘çœ‹ä½ å€‘æ˜¯æ²’äº«å—éŽå°ç£ä¹‹æ˜Ÿå¼,äº›ã€€ çš„ã€€  ã€€ æ˜¯ã€€ æ²’ã€€ éŽã€€ ä¹‹ã€€
427,ä¸­è¯åœ¨ä¸‹ç­å¾Œæ¯å¤©éƒ½å¡žå¾— å¾ˆæ…˜,åœ¨ã€€ éƒ½ã€€ å¾—ã€€  ã€€ å¾ˆã€€
428,5Gç¶²è·¯æŽ’åæ˜¯1.ä¸­è¯2.é å‚³3.å°ç£å¤§4.å°æ˜Ÿä¹‹æ˜Ÿï¼Œäºžå¤ªç›´æŽ¥å‡ºå±€!,5Gã€€ æ˜¯ã€€ 4.ã€€ ä¹‹ã€€ ï¼Œã€€ !ã€€
429,æˆ‘ä»¥å‰ä¹Ÿéƒ½åŽ»ä¸­è¯é›»ä¿¡é‚£ç¨®çš„è¾¦...è¢«å‘å¾ˆå¤šå¹´æ ¹æœ¬å‚»å­,ä¹Ÿã€€ éƒ½ã€€ çš„ã€€ ...ã€€ è¢«ã€€ æ ¹æœ¬ã€€
430,é å‚³è¶…å±Œ å®¢æˆ¶å°‘äº†ä¸­è¯3ç™¾è¬ä»¥ä¸Š é »å¯¬è·Ÿä¸­è¯åªå·®10M Hz å¹³å‡ä¾†èªª é å‚³æ¯”ä¸­è¯å¿«å¤šäº†,å±Œ ã€€ äº†ã€€  ã€€ è·Ÿã€€ åªã€€ Mã€€  Hz ã€€ ä¾†ã€€  ã€€ æ¯”ã€€ äº†ã€€
431,ä¸­è¯+å°å“¥å¤§åˆé«” & åœ¨5Géžåƒåˆ°é£½éƒ¨åˆ†æ¯”è¼ƒæœ‰å‰µæ„,+ã€€  & ã€€ åœ¨ã€€ 5Gã€€ éžã€€ åˆ°ã€€ æ¯”è¼ƒã€€
432, ä¸­è¯>é å‚³>>>>>å°æ˜Ÿ>>>>>>>>>å°å“¥, ã€€ >ã€€ >>>>>ã€€ >>>>>>>>>ã€€
433,Hami pa,Hamiã€€  paã€€
434,Hami pa,Hamiã€€  paã€€
