,context,V.+
0,å°æ˜Ÿçš„æ…‹åº¦å°±æ˜¯åœ¨ç­‰å®¿ä¸»å°å“¥ï¼Œé€¸ä»¥å¾…å‹ï¼Œæº–å‚™å¯„ç”Ÿã€‚,ç­‰/VC é€¸ä»¥å¾…å‹/VH æº–å‚™/VF å¯„ç”Ÿ/VA
1,ä¸­è¯ã€é å‚³ï¼Œè“‹ä¸€åº§æ‹†ä¸€åº§,è“‹/VC æ‹†/VC
2,å¹¹â‹¯â‹¯â‹¯ éå…©å€‹æœˆçºŒç´„æˆ‘è¦æ›ä¸­è¯,é/VCL çºŒç´„/VA æ›/VC
3,ç”¨éå¾Œï¼Œå…¨å°æ•´é«”è¨Šè™Ÿéƒ½ä¸éŒ¯çš„é‚„æ˜¯åŸºåœ°å°æœ€å¤šçš„ä¸­è¯,ç”¨/VC ä¸éŒ¯/VH æœ€å¤š/VH
4,ä¸çŸ¥é“æ›æˆä¸­è¯æœƒä¸æœƒå¥½ä¸€é»,çŸ¥é“/VK æ›æˆ/VG å¥½/VH
5,å—æ©«å…¬è·¯å¾æ¢…å±±å£åˆ°é•·æ˜¥ç¥ åªæœ‰ä¸­è¯é›»ä¿¡æœ‰è¨Šè™Ÿ,æœ‰/V_2
6,ä¸­è¯é›»ä¿¡æ€éº¼ä¸æ˜¯8Gï¼Œé‚„åœ¨æ4G,æ/VC
7,ä¸çŸ¥é“å¤šå°‘å°æ˜ŸLMçš„ç”¨æˆ¶åœ¨æ–é ­ ,çŸ¥é“/VK æ–é ­/VA
8,ä¸­è¯é›»ä¿¡ æ°¸é è¡¨åœ¨æœ€å‰é¢ ,è¡¨/VC
9,å»ºè­°é¸ä¸­è¯ ä¸ç„¶åˆ¥å®¶æ™šä¸Šè‡ªå‹•é™é€Ÿå°±å¤ ä½ å—,å»ºè­°/VE é¸/VC è‡ªå‹•/VH é™é€Ÿ/VA å¤ /VH å—/VJ
10,ä¸è¦ä¸­è¯ï¼Œè¦ä½”é »å¯¬å»åˆ¥å®¶æ¯”è¼ƒä¾¿å®œ^_^ ,è¦/VC ä½”/VJ å»/VCL ä¾¿å®œ/VH
11,ä½ å€‘å®¶éƒ½è€—è²»å¤šå°‘å¹´çš„å…‰é™°äº†ï¼Œä¾ç„¶æœªä¸Šæ¶ï¼,è€—è²»/VC ä¸Šæ¶/VB
12,é€™å¹´é ­é‚„æœ‰äººåœ¨ç”¨1399ï¼Œé›£æ€ªä¸­è¯è³ºé£½é£½æ²’åœ¨æ€•,æœ‰/V_2 ç”¨/VC è³º/VC é£½é£½/VH æ€•/VK
13,åªè¦å»ä¸­è¯é›»ä¿¡ç¶²é ç™»å…¥å¸³å¯†ï¼Œå°±å¯ä»¥ç›´æ¥çºŒç´„ã€æ”¹ è³‡è²»ã€æ”¹æœƒå“¡è³‡æ–™ï¼Œå®Œå…¨ä¸éœ€è¦å…¶ä»–èªè­‰ï¼Œç„¶å¾Œä¸­è¯é›»ä¿¡é‚„è‡ª èªé€™éº¼å¯¬é¬†çš„æµç¨‹æ²’å•é¡Œ ,å»/VCL ç™»å…¥/VCL ç›´æ¥/VH çºŒç´„/VA æ”¹/VC æ”¹/VC éœ€è¦/VK èªè­‰/VA èª/VC å¯¬é¬†/VH æ²’/VJ
14,æœ‰äº›é›»è©±æ‰“ä¾† ä½ ä¹Ÿæ²’ç­”æ‡‰ ä»–é‚„æœƒè‡ªå·±å¹«ä½ çºŒ,æ‰“ä¾†/VC ç­”æ‡‰/VE
15,ä¸­è¯æ²’æœ‰è®“æˆ‘å¤±æœ›æ‹¿åˆ°æœ€å¤šæ¥ä¸‹ä¾†å°±æ˜¯ç­‰å…­æœˆé–‹å°äº†é¦–æ³¢è§€æœ›OKçš„è©±æœƒæƒ³è¾¦ ,è®“/VL å¤±æœ›/VH æ‹¿åˆ°/VC æœ€å¤š/VH é–‹å°/VC è§€æœ›/VA æƒ³è¾¦/VE
16,ä¸­è¯é›»ä¿¡è·Ÿæ¨ç‰¹æœ‰ä»‡å—ï¼Ÿåˆ°æ™šä¸Šéƒ½æœƒæ‰“ä¸é–‹åœ–â‹¯,æœ‰/V_2 æ‰“/VC é–‹/VC
17, èˆ‡å…¶1é–€ä¸­è¯ç„¡é™é€Ÿ æˆ‘å¯§é¡˜è¾¦4å®¶4é–€æœ‰é™é€Ÿåƒåˆ°é£½ ,ç„¡/VH é™é€Ÿ/VH å¯§é¡˜/VK è¾¦/VC æœ‰/VH é™é€Ÿ/VH åƒåˆ°é£½/VC
18,ç„¡è«–é«˜å±±ã€å³½è°·éƒ½ä¸æœƒæ²’è¨Šè™Ÿ,æ²’/VJ
19, äºå¤ªç•¶ç„¶ä¸ç”¨èªªï¼Œç•¶åœ°æ²’é–€å¸‚ä¹Ÿæ²’äººè¾¦,èªª/VE æ²’/VJ æ²’/VJ è¾¦/VC
20,ä½ çœ‹çœ‹ä¸­è¯é›»ä¿¡åƒåˆ°é£½ æœ‰é™åˆ¶å®¢äººä¸Šç¶²æµé‡å—? ç©ä¸èµ·å°±ä¸è¦æ¨å‡ºåƒåˆ°é£½ ,çœ‹çœ‹/VE åƒåˆ°/VC é£½/VH æœ‰/V_2 ä¸Šç¶²/VA ç©ä¸èµ·/VJ æ¨å‡º/VC åƒ/VC é£½/VH
21,"ä¸­è¯çµ¦ äº†æˆ‘ç¸®æ°´é€šè©±çš„499çºŒç´„æ–¹æ¡ˆ,æˆ‘å°±ä¸æƒ³çºŒç´„äº†,ä½•æ³ä½ é‚„æ˜¯699æ‰æœ‰åƒåˆ°é£½",çµ¦/VD ç¸®æ°´/VH é€šè©±/VB çºŒç´„/VA æƒ³/VE çºŒç´„/VA æœ‰/V_2 åƒåˆ°/VC é£½/VH
22,HTML5éŠæˆ²ï¼šä½ é€£æˆ‘éƒ½è·‘ä¸å‹•äº†é‚„è¦è·‘é›²ç«¯ ,è·‘ä¸å‹•/VH è·‘/VA
23,ä¸­è¯>>>é å‚³>>>>>>>>>å°æ˜Ÿ>>>>>>å°å“¥>>>>äºå¤ª ,
24,å¦‚æœä½ æ˜¯è‚¡æ°‘ ç•¶ç„¶ç§’é¸ç²åˆ©ç‹ å¦‚æœä½ æƒ³è¦ç¶²é€Ÿ.... ,æƒ³è¦/VE
25,ç›¤å­æ²’å·® ç¹¼çºŒç”¨å°å“¥,å·®/VH ç¹¼çºŒ/VF ç”¨/VC
26,å°ˆå¿ƒç¶“ç‡Ÿé›»å•†å§ï¼Œ ç²åˆ©ç‹ã€‚çµ‚ç”Ÿä¸ç”¨å°èƒ,å°ˆå¿ƒ/VH ç¶“ç‡Ÿ/VC
27,"NPä¾†ä¸­è¯çš„æ–°å®¢æˆ¶å¯ä»¥è¾¦488,è´ˆé€çš„é€šè©±æ¯”å¯ä»¥çºŒç´„çš„499é‚„å¥½,è€Œä¸ç®¡ä½ ä¸­è¯å¹´è³‡å¤šå°‘,å°±æ˜¯ä¸ç¬¦åˆ ï¼æ‰€ä»¥ä¸çˆ½ä¹‹ä¸‹å°±æ”¾æ£„ä¸­è¯äº†ï¼",ä¾†/VA æ–°/VH è¾¦/VC è´ˆé€/VD é€šè©±/VB çºŒç´„/VA é‚„å¥½/VH ç¬¦åˆ/VJ çˆ½/VH æ”¾æ£„/VC
28," ç›´æ¥çºŒç´„488ä¸è¡Œå—ï¼Ÿé‚„è¦æ”¾æ£„ä¸­è¯å‡ºå»NPå†å›ä¾†è¾¦488ï¼é€™å€‹æˆ‘åšä¸åˆ°,ä¹Ÿä¸æƒ³é€™æ¨£åšå°±æ˜¯ æ¯”ä½ å¤šç”¨è…¦,æ‰€ä»¥æˆ‘è¾¦é€™å€‹æ¯”è¼ƒçœï¼ç”¨äº†äºŒåå¹¾å¹´ä¸­è¯,æˆ‘ä¹Ÿä¸æœƒæ­»å®ˆè‘—ä¸­è¯ï¼ ",ç›´æ¥/VH çºŒç´„/VA ä¸è¡Œ/VH æ”¾æ£„/VC å‡ºå»/VA å›ä¾†/VA è¾¦/VC åš/VC åˆ°/VC æƒ³/VE é€™æ¨£/VH åš/VC è¾¦/VC çœ/VH ç”¨/VC æ­»å®ˆ/VC
29,å„ªæƒ ? æœ‰æ¯”è¼ƒå¥½æ‰èƒ½èªªæ˜¯å„ªæƒ ,å„ªæƒ /VJ æœ‰/V_2 å¥½/VH èªª/VE å„ªæƒ /VJ
30,ä¸Šæ¬¡ä¹Ÿæ˜¯ä¾†é›»ï¼‚æé†’ï¼‚åˆç´„å°‡åˆ°æœŸï¼Œï¼‚å¥½å¿ƒï¼‚ æé†’æˆ‘æå‰çºŒç´„å¯ä»¥æ‹¿åˆ°699åƒåˆ°é£½ï¼Œä¸ç„¶å°±æœƒè®Šå›799å–”,ä¾†é›»/VH æé†’/VE åˆ°æœŸ/VH å¥½å¿ƒ/VH æé†’/VE æå‰/VB çºŒç´„/VA æ‹¿åˆ°/VC åƒåˆ°/VC é£½/VH è®Šå›/VJ
31,è®“æˆ‘ä¹Ÿæœ‰äº†ã€Œæ„›æƒ…çš„æ¨¡æ¨£ã€â¤ï¸ ,è®“/VL æœ‰/V_2
32,è¦äººå‡ç´šï¼Ÿï¼Ÿ ä¸­è¯éº»ç…©å…ˆçœ‹çœ‹è‡ªå·±é‚£ä»€éº¼åƒ¹æ ¼è·Ÿæµé‡å¤§å° ,å‡ç´š/VH çœ‹çœ‹/VE
33,æˆ‘OKï¼Œä½ å…ˆä¾†ã€‚,ä¾†/VA
34,ç¹³1399åƒåˆ°é£¯ç†±é»é‚„è¦è¢«é™é€Ÿæ¯”4Gæ…¢é¬¼æ‰è½‰5G,ç¹³/VD åƒåˆ°/VC é™é€Ÿ/VHC æ…¢/VH è½‰/VAC
35,ä¸€ç”Ÿä¸€æ¬¡çš„äºå¤ª ç„¡æ”¶è¨Š æ²’ç¶²è·¯ å†ä¾¿å®œä¹Ÿç„¡ç”¨--,æ”¶è¨Š/VA æ²’/VJ ä¾¿å®œ/VH ç„¡ç”¨/VH
36,åˆä¸ä¾†ä¿ƒéŠ·ä¸€ä¸‹ç­‰å¾ˆä¹…,ä¿ƒéŠ·/VC ç­‰/VC ä¹…/VH
37,å•é¡Œæ˜¯å°å“¥å¤§å¾ˆçˆ›å‘€ï¼ï¼ï¼ ,çˆ›/VH
38,èˆ‡å…¶è¾¦é€™å€‹ ä¸å¦‚ç­‰äºå¤ª11å…ƒæ–¹æ¡ˆ,è¾¦/VC
39,å¾èƒå“¥è·³å°æ˜Ÿ çˆ½ç”¨ ,è·³å°/VA çˆ½/VH ç”¨/VC
40,æ‡¶å¾—è©¦ç”¨å°±é¸ä¸­è¯ç©©å¦¥ä¸€é»,æ‡¶å¾—/VL è©¦ç”¨/VC é¸/VC ç©©å¦¥/VH
41,å°å“¥ä¸æ¨,æ¨/VC
42,ä¸­è¯æ™®éç©©,æ™®é/VH ç©©/VH
43,å°æ˜Ÿçœ‹åœ°å€,çœ‹/VC
44,ä¸­è¯å®¤å…§å¯èƒ½æœƒé€£æ”¶éƒ½æ”¶ä¸åˆ° ,æ”¶/VC æ”¶/VC åˆ°/VC
45,ç•¶ç„¶æ˜¯ä¸­è¯,
46,ä¸­è¯>å°æ˜Ÿ>>>>>>>>>å°å“¥,
47,"æ–¹ä¾¿åˆè¿…é€Ÿï¼
Good!",æ–¹ä¾¿/VH è¿…é€Ÿ/VH
48,ä½ åˆ°åº•åœ¨ä¸åœ¨æ„é€šè©±åˆ†é˜ï¼Ÿåœ¨æ„çš„è©±åˆ¥æŠŠæŠŠé å‚³3 19æ‹‰é€²ä¾†è¨è«– ,åœ¨ä¸åœ¨æ„/VK é€šè©±/VB åœ¨æ„/VK æ‹‰é€²ä¾†/VC è¨è«–/VE
49,è¦ºå¾—myvideoæ¯”è¼ƒå¥½ç”¨,è¦ºå¾—/VK å¥½ç”¨/VH
50,ä¸æ¨ä¸­è¯+1ä¸€é€²æˆ¿é–“ç›´æ¥è·³æ²’æœ‰è¨Šè™Ÿ^_^ ,æ¨/VC é€²/VCL ç›´æ¥/VH è·³/VA æ²’æœ‰/VJ
51,ä¸­è¯ä¹Ÿä¸å¥½,å¥½/VH
52,æƒ³æ—©é»é«”é©—5Gç¶² è·¯çš„è©±å°±å¾—æº–å‚™ä¸å°‘çš„éŠ€å½ˆäº†ã€‚,æƒ³/VE é«”é©—/VC æº–å‚™/VC
53,é‚„å¥½å°ç£ä¹‹æ˜Ÿæœ‰æ’ä½ğŸ˜ğŸ˜ ,æœ‰/V_2 æ’ä½/VC
54,é€™ä¸€åƒå¤šå„„å¦‚èƒ½æ‹¿ä¾†å¢è¨­åŠå„ªåŒ–4GåŸºåœ°å°è®“æ¶µè“‹ç‡æå‡å¢åŠ ä¸Šç¶²é«”é©—æœƒä¸æœƒæ¯”æ–°å»º5Gæ›´å¥½å‘¢ï¼Ÿ,æ‹¿ä¾†/VC å¢è¨­/VC å„ªåŒ–/VHC è®“/VL æå‡/VC å¢åŠ /VHC ä¸Šç¶²/VA é«”é©—/VC æ–°å»º/VC å¥½/VH
55,æ‰“é›»è©±å»ä¸­è¯é›»ä¿¡ å®¢æœçœ‹å¥¹å€‘æœ‰ä»€éº¼æ–¹æ¡ˆï¼Ÿç¬¬ä¸€å€‹å®¢æœèªªå¥¹çœ‹ä¸åˆ°æˆ‘éå»å¹¾å€‹æœˆçš„ç”¨é‡ï¼Œç›´æ¥å»ºè­°æˆ‘ç”¨999æ–¹æ¡ˆã€‚æˆ‘å•å¥¹æœ‰æ²’æœ‰ä¾¿å®œä¸€é»çš„ï¼Ÿå¥¹èªªæœ‰79 9ã€‚æˆ‘æ‰“å»å°ç£å¤§å“¥å¤§å®¢æœï¼Œå¥¹å€‘ç›´æ¥èªª499ä¸é™é€Ÿã€‚æœƒé¦¬ä¸Šè«‹å®¢æœå§Simå¡å’Œåˆç´„æ›¸ç”¨é»‘è²“å¯„çµ¦æˆ‘ã€‚ æˆ‘åˆæ‰“å›ä¸­è¯é›»ä¿¡çœ‹æœ‰æ²’æœ‰ å¾—å•†é‡ï¼Œå¥¹èªªè¦è«‹ç¤ºä¸»ç®¡ã€‚ä¸€å°æ™‚å¾Œæœ‰äººæ‰“ä¾†äº†ï¼Œä¸­è¯é›»ä¿¡çµ¦20å¹´VIPè€å®¢æˆ¶æœ€å¥½çš„æ–¹æ¡ˆæ˜¯599ï¼Œç„¶å¾Œå†è«‡å¥¹èªªå¯ä»¥å†é€ç¬¬ä¸€å¹´æ¯ æœˆ100å…ƒé€šè©±è²».....ç¬¬äºŒå¹´å‘¢ï¼Ÿå¥¹èªªæŠ±æ­‰äº†...åƒå®šè€å®¢æˆ¶çš„å¿ èª åº¦ï¼ å¤§å®¶ä¸€èµ·Bye byeå§ä¸­è¯é›»ä¿¡....,æ‰“é›»è©±/VB å»/VCL çœ‹/VC æœ‰/V_2 èªª/VE çœ‹/VE åˆ°/VE ç›´æ¥/VH å»ºè­°/VE å•/VE æœ‰/V_2 ä¾¿å®œ/VH èªª/VE æœ‰/V_2 æ‰“å»/VC ç›´æ¥/VH èªª/VE é™é€Ÿ/VHC è«‹/VF å¯„çµ¦/VD æ‰“å›/VCL çœ‹/VC æœ‰/V_2 å•†é‡/VE èªª/VE è«‹ç¤º/VC æœ‰/V_2 æ‰“ä¾†/VC çµ¦/VD è€/VH å¥½/VH è«‡/VE èªª/VE é€/VD èªª/VE æŠ±æ­‰/VK åƒå®š/VC è€/VH
56,æ‰$499åƒåˆ°é£½ä¸é™é€Ÿä½ å°±æ»¿è¶³å›‰~~~é‚£å¦‚æœä½ çŸ¥é“å°å“¥å¤§é å‚³å·²ç¶“å¾ˆå¤š$299åƒåˆ°é£½ä¸é™é€Ÿä¸çŸ¥é“ä½œä½•æ„Ÿæƒ³~~~,åƒåˆ°/VC é£½/VH é™é€Ÿ/VHC æ»¿è¶³/VHC çŸ¥é“/VK åƒåˆ°/VC é£½/VH é™é€Ÿ/VC çŸ¥é“/VK ä½œ/VC
57,æ‰$499åƒåˆ°é£½ä¸é™é€Ÿä½ å°±æ»¿è¶³å›‰~~~é‚£å¦‚æœä½ çŸ¥é“å°å“¥å¤§é å‚³å·²ç¶“å¾ˆå¤š$299åƒåˆ°é£½ä¸é™é€Ÿä¸çŸ¥é“ä½œä½•æ„Ÿæƒ³~~~,åƒåˆ°/VC é£½/VH é™é€Ÿ/VHC æ»¿è¶³/VHC çŸ¥é“/VK åƒåˆ°/VC é£½/VH é™é€Ÿ/VC çŸ¥é“/VK ä½œ/VC
58,ä¸­è¯çš„ä¸»åŠ›æ‡‰è©²éƒ½æ˜¯è»å…¬æ•™å§ å®ƒå€‘åªæœ‰è»å…¬æ•™å°ˆæ¡ˆï¼Œå…¶ä»–æ‰ä¸é³¥ä½ å’§,æœ‰/V_2 é³¥/VC
59,ç‚ºä»€éº¼ä½ æœƒè¦ºå¾—å°å“¥å¤§499åƒåˆ°é£½ç®—å¾ˆä¾¿å®œğŸ¤”ğŸ¤”,è¦ºå¾—/VK åƒåˆ°/VC é£½/VH ç®—/VG ä¾¿å®œ/VH
60,æ”¶ä¸åˆ°è¨Šè™Ÿï¼Œçµ¦ä½ åƒåˆ°æ’ä¹Ÿæ²’ç”¨ã€‚ ,æ”¶/VC åˆ°/VC åƒ/VC æ’/VC æ²’ç”¨/VH
61,æ”¶ä¸åˆ°è¨Šè™Ÿï¼Œçµ¦ä½ åƒåˆ°æ’ä¹Ÿæ²’ç”¨ã€‚,æ”¶/VC åˆ°/VC åƒ/VC æ’/VC æ²’ç”¨/VH
62,åˆ°å¹¾å¹´å‰3Gè¦å‡ç´šæˆ4Gæ™‚ï¼›åŒæ¨£1Gæµé‡çš„åˆç´„ï¼Œ æ–°ç”³è¾¦/æ”œç¢¼åªè¦299ï¼›æˆ‘è€å®¢æˆ¶ç¡¬æ˜¯è¦399ï¼ æ‰“é›»è©±å»æºé€šäº†å¾ˆä¹…æœ€å¾Œæ‰å¹«æˆ‘æ¸›å…æˆ333ï¼Œå¾é‚£æ¬¡å¾Œæˆ‘å°±é–‹å§‹è·³ä¾†è·³å»ã€‚ ä¹‹å‰æˆ‘ç›´æ¥åœ¨é–€å¸‚è·Ÿåº—å“¡èªªï¼šã€Œåæ­£è€å®¢æˆ¶å°±æ˜¯å»¢ç‰©ï¼Œæ°¸é æ¯”ä¸ä¸Šæ–°å®¢æˆ¶ã€‚ã€ åº—å“¡ç›´æ¥èªªä¸å‡ºè©±ã€‚æƒ³äº†å¾ˆä¹…æ‰æ“ å‡ºï¼šã€Œå¯æ˜¯è€å®¢æˆ¶å…é«˜é¡é ç¹³é‡‘å•Šï¼ã€ æˆ‘ç›´æ¥è·Ÿä»–èªªï¼šã€Œæˆ‘æ‰‹æ©Ÿéƒ½è²·ç©ºæ©Ÿäº†ï¼Œæœ‰ä»€éº¼é ç¹³é‡‘è¦ç¹³ï¼ã€ ç•¶æ™‚çœŸçš„è¦ºå¾—é€™å€‹å¸‚å ´éƒ½æœ‰ç—…ï¼ ,å‡ç´šæˆ/VG ç”³è¾¦/VC è€/VH è¦/VC æ‰“é›»è©±/VB æºé€š/VC ä¹…/VH æ¸›å…æˆ/VJ é–‹å§‹/VL è·³ä¾†è·³å»/VA ç›´æ¥/VH èªª/VE è€/VH æ¯”ä¸ä¸Š/VJ æ–°/VH ç›´æ¥/VH èªª/VE å‡º/VE æƒ³/VE ä¹…/VH æ“ å‡º/VC è€/VH å…/VJ ç›´æ¥/VH èªª/VE è²·/VC æœ‰/V_2 ç¹³/VD è¦ºå¾—/VK æœ‰ç—…/V_2
63,å…ˆåˆ¥æ€¥è‘—çºŒç´„ä¸­è¯499æˆ‘ç›¸ ä¿¡å°å“¥å¤§èˆ‡é å‚³è‚¯å®šæœƒå°åƒ¹æ ¼å‡ºå¥‡æ‹›! ,æ€¥/VH çºŒç´„/VA è‚¯å®š/VK å‡º/VC
64,é å‚³å¡å¥½å¹¾å€‹æœˆäº†,
65,"ä½†å¿…é ˆæ¯6å€‹æœˆå„²å€¼1 00æ‰èƒ½ä¿ç•™çºŒç”¨,è€Œä¸”å‡ºåœ‹é‚„æ²’è¾¦æ³•æ¼«æ¸¸",ä¿ç•™/VC çºŒç”¨/VC å‡ºåœ‹/VA æ²’è¾¦æ³•/VI æ¼«æ¸¸/VA
66,ä¸é™é€Ÿçš„4Géƒ½åšä¸åˆ°,é™é€Ÿ/VJ åš/VC åˆ°/VC
67,æ°¸é éƒ½ä¸æœƒé”åˆ°æ¨™æº–å€¼ï¼Œç•¶åˆ4Gä¹Ÿæ˜¯é€™æ¨£å¹ç‰›B ,é”åˆ°/VJ é€™æ¨£/VH å¹ç‰›/VA
68,"ä¸­è¯é›»ä¿¡å±±å€è¨Šè™Ÿä¸€å®šæ”¶çš„åˆ°æ˜¯èª°å‚³çš„è¬ è¨€?2gè¨Šè™Ÿå—? æ—©å°±å»¢é™¤äº†,ä¸ç”¨ç¥è©±ä¸­è¯é›»ä¿¡äº†! ",æ”¶/VC åˆ°/VCL å‚³/VD å»¢é™¤/VC
69,åªæœ‰é å‚³ï¼Œæ‰æœ‰è·é›¢ï¼ ,é å‚³/VD æœ‰/V_2
70,ç«¶æ¨™æ˜¯å¸‚å ´æ©Ÿåˆ¶ï¼Œæ”¶è²»å°±è®Šæˆä¸æ˜¯äº†ã€‚é‚„æ˜¯äºå¤ªè°æ˜ï¼Œå°ˆæ”»é€šè©±ï¼Œ4Gä¸Šç¶²å°±å¥½,ç«¶æ¨™/VC æ”¶è²»/VD è®Šæˆ/VG ä¸/VH è°æ˜/VH å°ˆæ”»/VC é€šè©±/VB ä¸Šç¶²/VA å¥½/VH
71,æ¨é å‚³ï¼Œä¸­è¯ å…¶ä»–è·Ÿå±ä¸€æ¨£ ,æ¨/VC ä¸€æ¨£/VH
72,æ¯æ¬¡éƒ½æ„Ÿæ‡‰ä¸åˆ°å“ˆå“ˆ è»Šé•·æœ€å¾Œéƒ½ç›´ (æ¥æƒ³èªªæˆ‘ç®—äº†) æ¥æƒ³èªªæˆ‘ç®—äº† ,æ„Ÿæ‡‰/VC ç›´/VH æ¥/VC æƒ³/VE èªª/VE ç®—äº†/VH æƒ³/VE èªª/VE ç®—äº†/VH
73,èè‹±ç‰ˆå‡ç´š10ä¹‹å¾Œæ„Ÿè¦ºå•é¡Œå¥½å¤šï¼Œ700mh zä¼¼ä¹ä¹Ÿè¢«é–èµ·ä¾†äº†...é™¤äº†å°æ˜Ÿè·Ÿä¸­è¯æ²’å½±éŸ¿ä¹‹å¤–å…¶ä»–é›»ä¿¡éƒ½å¾ˆå¤§,å‡ç´š/VH æ„Ÿè¦º/VK é–/VB å½±éŸ¿/VC å¤§/VH
74,ä¸ƒå µæ³°å®‰å€è¨Šè™Ÿå¾ˆå·®é‚„å¥½æœ‰ä¸­è¯é›»ä¿¡çš„ç¶²è·¯åˆ†äº« ,å·®/VH æœ‰/V_2 åˆ†äº«/VJ
75,æˆ‘å¤©å¤©çœ‹è‘—å¥¹å°æ‰‹æ©Ÿå’†å“®,çœ‹/VC å’†å“®/VA
76,çœ‹è‡‰æ›¸å¡.LINEä¹Ÿå¡.çœ‹Youtubeæ›´å¡.åæ‡‰ä¹Ÿæ²’æ•ˆæœ,çœ‹/VC å¡/VC çœ‹/VC å¡/VC æ²’/VJ
77,ä¸åˆ°2 ç§’å°±è¼‰å…¥å®Œæˆã€‚é›–ç„¶æ²’æœ‰ç®—çš„é‚£éº¼ç²¾æº–å•¦ğŸ¤£ä¸éçœŸçš„æœ‰æ„Ÿæå‡ï¼,ä¸/VJ è¼‰å…¥/VC å®Œæˆ/VC ç®—/VE ç²¾æº–/VH æœ‰æ„Ÿ/VK æå‡/VC
78,çœ¾ç¶²å‹è¡¨ç¤ºï¸°å±±è…³ä¸‹æ‰¾æ‰¾çœ‹ï¼Ÿ ,è¡¨ç¤º/VE æ‰¾æ‰¾/VC
79, çœ¾ç¶²å‹è¡¨ç¤ºï¸°å±±è…³ä¸‹æ‰¾æ‰¾çœ‹ï¼Ÿ ,è¡¨ç¤º/VE æ‰¾æ‰¾/VC
80,å¦‚æ„å¡é–€è™Ÿè¾¦äº†åå¹¾å¹´ã€‚å¥½åº·å®Œå…¨ç”¨ä¸åˆ°ã€‚ ,è¾¦/VC å¥½åº·/VH ç”¨/VC åˆ°/VC
81,ä¸­è¯è·Ÿå°æ˜Ÿçµ„åˆå¯èªªæˆ‘å¸¸å»å±±å€é‹å‹•æ²’é‡åˆ°æ²’æ”¶è¿…çš„ ,èªª/VE å»/VCL é‡åˆ°/VC æ”¶è¿…/VC
82,ä¸­è¯é…ä¸Šå°æ˜Ÿä¸æ€•é‡åˆ°æ²’æ”¶è¿… ,é…ä¸Š/VC æ€•/VK é‡åˆ°/VC æ²’æ”¶/VC
83,é¸æ“‡é å‚³ä¸‹å ´å°±æ˜¯ã€åªæœ‰é å‚³æ²’æœ‰è¨Šè™Ÿã€ï¼ ,é¸æ“‡/VC æ²’æœ‰/VJ
84,ä¿®å¾—å¿«å¥½éæ²’ä¿® ,ä¿®/VC å¿«/VH å¥½é/VH ä¿®/VC
85,ç›¤å­è»åœ˜,
86,ä¸­è¯é™¤éè¾¦æ„›é³³ä¸ç„¶çœŸçš„å¾ˆç›¤,è¾¦/VC æ„›é³³/VL
87,å°å“¥è·Ÿä¸­è¯æˆ‘è¦ºå¾—æœ‰ç”¨å¿ƒåœ¨ç”¨å•¦ï¼Œå…¶ä»–å®¶...ä¸çŸ¥é“ ,è¦ºå¾—/VK æœ‰/V_2 ç”¨å¿ƒ/VH ç”¨/VC çŸ¥é“/VK
88,469é™é€Ÿåƒåˆ°é£½å°±æ»¿å¤ ç”¨äº† ,åƒ/VC é£½/VH æ»¿/VH å¤ /VH ç”¨/VC
89,ä»¥å‰çˆ†å¹¹å¿«ä½†æœ€è¿‘æœ‰é»æ…¢,çˆ†/VA å¹¹/VC å¿«/VH æ…¢/VH
90,å¸¶ä½ é¾œé€Ÿä¸Šå±±ä¸‹æµ·,å¸¶/VC é¾œé€Ÿ/VH ä¸Šå±±/VA ä¸‹æµ·/VA
91,éƒ½å¸‚ä¹‹ä¸­.å°ç£ä¹‹æ˜Ÿå·²è¶³ä»¥æ“ºå¹³çŸ£!! ,è¶³ä»¥/VL æ“ºå¹³/VC
92,å“ªè£¡å¹³å‡ä¸éŒ¯?å¯ä»¥å‘Šè¨´æˆ‘å—?,å¹³å‡/VH ä¸éŒ¯/VH å‘Šè¨´/VE
93,ä¸€å‘çµ¦äººæ„Ÿè¦ºè‰¯å¥½ï¼Œï¼Œå°±æ˜¯æ²’ä»€éº¼å„ªæƒ ä¿ƒéŠ·æ´»å‹•ã€‚ã€‚ã€‚ ,çµ¦/VD è‰¯å¥½/VH æ²’/VJ å„ªæƒ /VJ ä¿ƒéŠ·/VC
94, ä»–é‚„å˜´æˆ‘çš„æ‰‹æ©Ÿè¦æ›çš„ï¼Œ--é¦¬çš„--,é‚„å˜´/VA æ›/VC
95,åŒæ™‚ï¼Œæ—é‚Šçš„ä¸€ä½å¹´è¼•äºº ä¸€åä¸‹å°±ç›´æ¥èªªï¼šã€Œæˆ‘åœ¨ç¶²è·¯ä¸Šçœ‹åˆ°ä½ å€‘488çš„æ–¹æ¡ˆï¼Œä½ å€‘æœ‰é¦–å¹´-50è·Ÿå°ˆå“¡æ¨è–¦å—ï¼Ÿã€æ¥è‘—å°±æ˜¯å°ˆå“¡çš„æ‰“å¤ªæ¥µï¼Œè¡¨æ˜æ²’æœ‰ä¹‹å¾Œä»–å°± é›¢é–‹äº†ï¼Œå¤§æ¦‚å»ä¸‹ä¸€é–“è·‘å¤§åœ°å§xdæ—é‚Šçš„ç”·ç¶“ç†çœ‹ä»–ä¸€å‡ºå»é¦¬ä¸Šå°±è·Ÿå°ˆå“¡å°å§èªªï¼šã€Œé˜¿ä½ åœ¨ç¶²è·¯ä¸Šçœ‹åˆ°388ä½ ä¸æœƒåœ¨ç¶²è·¯ä¸Šè¾¦å–”ï¼Ÿã€ è€å¯¦èªªé‚„æœ‰å…¶ä»–å®¢äººåœ¨çš„æƒ…æ³ä¸‹è¬›é€™éº¼å¤§è²æˆ‘è¦ºå¾—è§€æ„ŸæŒºä¸å¥½çš„ï¼Œç•¢ç«Ÿé‚£å€‹å¹´è¼•äººæ…‹åº¦ä¹Ÿæ²’æœ‰å¾ˆå·®ã€‚,åä¸‹/VA ç›´æ¥/VH èªª/VE çœ‹åˆ°/VE æœ‰/V_2 æ¨è–¦/VC æ‰“/VC è¡¨æ˜/VE æ²’æœ‰/VJ é›¢é–‹/VC è·‘/VA çœ‹/VC å‡ºå»/VA èªª/VE çœ‹åˆ°/VE è¾¦/VC æœ‰/V_2 åœ¨/VCL è¬›/VE å¤§è²/VH è¦ºå¾—/VK å¥½/VH å·®/VH
96,ä¸­è¯å¾ˆé † ,é †/VH
97,é‚„æ˜¯ä¸­è¯é›»ä¿¡å¥½ï¼Œï¼Œå¤§å» ç‰Œæœ‰ä¿éšœï¼Œï¼Œä¸åƒé å‚³,å¥½/VH å¤§/VH æœ‰/V_2
98,"è¦ä¸Šç¶²å°±æ˜¯ä¸­è¯,",ä¸Šç¶²/VA
99,çµæœä¸­è¯å®¢æœçš„å›è¦†æ˜¯ï¸°æœ‰è«‹å·¥ç¨‹å¸«å»æª¢æ¸¬é™„è¿‘è¨Šè™Ÿï¼Œè¨Šè™Ÿæ­£å¸¸ã€‚ç„¶å¾Œå°±æ²’ä¸‹è½äº†ã€‚ ,å›è¦†/VD è«‹/VF æª¢æ¸¬/VE æ­£å¸¸/VH æ²’/VJ
100,ä½ è¦ºå¾—äºå¤ªçš„å…¨é€Ÿèƒ½è·Ÿä¸­è¯çš„å…¨é€Ÿæ¯”,è¦ºå¾—/VK å…¨é€Ÿ/VH å…¨é€Ÿ/VH
101,å¦‚æœå¸‚è©±æ‰“å¾ˆå¤šçš„è©±ï¼Œå¯ä»¥åŠ  è¾¦å¸‚è©±å¥½ä¾¿å®œï¼Œæœˆç§Ÿ99å…ƒï¼Œå¸‚è©±æ¯3åˆ†é˜1.3å…ƒ,æ‰“/VC åŠ /VC è¾¦/VC ä¾¿å®œ/VH
102,æˆ‘è¦è¬¹è¨˜4Gæ•™è¨“ä¸ä»˜5Gçš„éŒ¢ç„¶å¾Œé€£2Géƒ½æ”¶ä¸åˆ°ã€‚ä¸­è¯é å‚³è·Ÿå°å“¥å¤§éƒ½ä¸€æ¨£æ›´ä¸ç”¨è¬›ä¸€å †ä»€éº¼äºå¤ªä¹‹é¡çš„ã€‚,è¬¹è¨˜/VJ ä»˜/VD é€£/VJ æ”¶/VC åˆ°/VCL ä¸€æ¨£/VH è¬›/VE
103,ç¶²è·¯çœŸçš„æ›äº†ï¼Œå¥½åœ¨æˆ‘é‚„æœ‰å°æ˜Ÿ,æ›/VC æœ‰/V_2
104,äºå¤ª11å•Š,
105,äºå¤ª11,
106,äºå¤ªåŠ è³¼$30é‚£å€‹,åŠ è³¼/VC
107,é ä»˜å¡å»å°å“¥å¤§,å»/VCL
108,é¸æ“‡ä¸­è¯é ä»˜å¡ï¼Œä¹Ÿæ˜¯è‘— çœ¼æ–¼æ”¶è¨Šï¼Œä»¥åŠç¶²å†…ç”¨æˆ·å¤šã€‚,é¸æ“‡/VC è‘—/VC  çœ¼/VC æ”¶è¨Š/VA å¤š/VH
109,ä¸­è¯å¾ˆè²æˆˆæˆˆçš„åœ°æ–¹ï¼šéƒ½åƒåˆ°é£½äº†èª°é‚„æœƒç”¨WIFIâ€¦,è²æˆˆæˆˆ/VH åƒ/VC é£½/VH ç”¨/VC
110,"è½èªªé å‚³è·Ÿå° ç£å¤§å“¥å¤§å±±å€é‚„æ˜¯é éœä¸­è¯,",è½èªª/VE éœ/VH
111,ä¸‹æ¬¡çœ‹åˆ°ä¸€å®šé€šçŸ¥åˆæ°‘å€‘ä¸€èµ·å»æ‹†æ‰ï¼ä¸­è¯ã€é å‚³ï¼Œè“‹ä¸€åº§æ‹†ä¸€åº§,çœ‹åˆ°/VE é€šçŸ¥/VC æ‹†æ‰/VC è“‹/VC æ‹†/VC
112,åœ¨å°ä¸­ï¼Œé å‚³è¶…é100mbpsçš„åœ°é»ä¹Ÿå°±å¸‚ä¸­å¿ƒè€Œå·²ï¼Œå“ªè£¡å®¹æ˜“,è¶…é/VJ å®¹æ˜“/VH
113,åœ¨ iPadOS å¯« video app ä½†ä¸æ”¯æ´ airplay + apple tv æ˜¯å¦å¾ˆé›£ï¼Ÿå› ç‚º Hami Video åšåˆ°å•¦~ğŸ˜¬,å¯«/VC æ”¯æ´/VC é›£/VH åšåˆ°/VE
114,å°å“¥å¤§æ­£åœ¨ç©©å®šä¸‹æ»‘ä¸­,ç©©å®š/VHC ä¸‹æ»‘/VA
115,å¥½å¤šäº†,å¥½/VH
116,çˆ› åªæƒ³ç”¨äººå®¶å»ºè¨­å¥½çš„ ä¸æƒ³èŠ±éŒ¢ ç¨®èŠ±å¥½å¤šäº†,çˆ› /VH æƒ³/VE å»ºè¨­/VC å¥½/VH æƒ³/VE èŠ±éŒ¢/VA ç¨®èŠ±/VA å¥½/VH
117,æˆ‘ä¸­è¯é›»ä¿¡ä¹Ÿæ˜¯ æ™šä¸Šå°±æ…¢,æ…¢/VH
118,å®¶ä¸­æˆ–å®¤å…§ä¸Šç¶²é‚„æ˜¯ä»¥å›ºç¶²å“è³ªæœ€ç‚ºç©©å®šï¼Œæ‰€ä»¥æˆ‘æ˜¯å®¶è£¡ç”¨å…‰ä¸–ä»£ï¼Œå¤–å‡ºæ‰ç”¨ä¸­è¯è¡Œå‹•ä¸Šç¶²,ä¸Šç¶²/VA ç©©å®š/VHC ç”¨/VC å¤–å‡º/VA ä¸Šç¶²/VA
119,åŒä¸€æ”¯æ‰‹æ©Ÿåœ¨è¬è¯å®¶è·Ÿæ¨¹æ—å…¬å¸è¨Šè™Ÿï¼Œæ¯”ä¹‹å‰çš„å°å“¥å¤§å¥½å¾ˆå¤šï¼Œå®¶ è£¡çš„äºå¤ªéƒ½æ¯”å°å“¥å¤§å¥½ï¼Œåœ¨å®¶å°ç£ä¹‹æ˜Ÿä¹Ÿä¸å¥½ã€‚,å¥½/VH å¥½/VH å¥½/VH
120,ä½†å¦‚æœä¸­è¯é›»ä¿¡æ”¶è¨Šå·®ï¼Œå…¶ä»–é›»è¨Šä¹Ÿä¸æœƒå¥½åˆ°å“ªè£¡ï¼Œç¸½ä¹‹ä½¿ç”¨é«” é©—é‚„æ˜¯ä¸éŒ¯çš„ã€‚,æ”¶è¨Š/VC å·®/VH å¥½/VH é©—/VC ä¸éŒ¯/VH
121,ä¸­è¯æœ€è¿‘é–“æ­‡æ€§æ–·ç¶²æœ‰æ„Ÿ+1,æ–·ç¶²/VH æœ‰æ„Ÿ/VK
122,æˆ‘OKï¼Œä½ å…ˆè¾¦~~ 5Gæš«æ™‚æ²’é³¥ç”¨ï¼Œåªæœ‰å˜—é®®çš„äººç‚«è€€ç”¨çš„,è¾¦/VC æ²’/VJ ç”¨/VC å˜—/VC é®®/VH ç‚«è€€/VE ç”¨/VC
123,â€¦â€¦éƒ½ä¸€æ¨£åƒ¹éŒ¢çš„è©± çœ‹ä¹ŸçŸ¥é“é¸ä¸­è¯,ä¸€æ¨£/VH çœ‹/VC çŸ¥é“/VK é¸/VC
124,ä¹‹å‰ç”¨FOX+åˆ°æ±ºè³½éƒ½å¡æ­» å¸Œæœ›é™ä¸­è¯å¾Œå¥½é»,å¡æ­»/VC å¸Œæœ›/VK é™/VJ
125,éƒ½æ˜¯é™°è¬€å•¦! ç•¶ä¸­è¯èª¿é«˜è³‡è²»æ™‚å…¶ä»–é›»ä¿¡ä¸€èµ·è·Ÿé€²ï¼Œç­‰ä¸­è¯è³ºé£½äº†ï¼Œåˆé™è³‡è²»è·ŸåŒè¡Œå»æ®ºï¼Œåœ¨å“ªè£¡å–Šæ²’è³ºéŒ¢ï¼Œæ ¹æœ¬å°±æ˜¯ä»–è³ºæœ€å¤š,èª¿é«˜/VC è·Ÿé€²/VA è³ºé£½/VC é™/VC å»æ®º/VA å–Š/VE è³ºéŒ¢/VA è³º/VC æœ€å¤š/VH
126,èª°æ•¢è¾¦å°æ˜Ÿæˆ‘ä¸€å€‹ä¸€å€‹æŠ“å‡ºä¾†,æ•¢/VL è¾¦/VC æŠ“å‡ºä¾†/VB
127,å°å“¥å¤§æ·é‹æ²’æœ‰+1ï¼Œç¨®èŠ±å¥½ä¸€äº›,æ²’æœ‰/VJ ç¨®èŠ±/VA å¥½/VH
128,ç¨®èŠ±æœ€è¿‘æ„Ÿè¦ºæ»¿ç¨®èŠ±çš„è€¶,ç¨®èŠ±/VA æ„Ÿè¦º/VK ç¨®/VA
129,ç¨®èŠ±æ„Ÿè¦ºå¥½å…©æ¥µ,ç¨®èŠ±/VA å¥½/VH
130,æˆ‘å®¶æ‰‹æ©Ÿä¸€å€‹ä¸­è¯ä¸€å€‹é å‚³ï¼Œéƒ½é‚„æ˜¯è¶…æ…¢= =,é å‚³/VH
131,ç”¨éå°ç£è·Ÿé å‚³å°±æœƒçŸ¥é“ä¸­è¯æœ‰å¤šå¥½,ç”¨/VC çŸ¥é“/VK æœ‰/V_2 å¥½/VH
132,è¦æ±‚ç¶²é€Ÿå¯ä»¥æ›é å‚³ æƒ³æ’¿ä¾¿å®œå¯ä»¥çºŒç´„å°å“¥,è¦æ±‚/VF æ›/VC æƒ³/VE æ’¿ä¾¿å®œ/VA çºŒç´„/VA
133,äºå¤ªçœŸçš„å€¼å¾—499æœˆè²»å—ï¼ŒåŸºåœ°å°å»ºçš„ä¸å¤šï¼Œæ„Ÿè¦º168ä¸é™é€Ÿä¹Ÿå¤ªè²´ï¼Œè¦è¾¦499æ„Ÿè¦ºä¸­è¯æ¯”è¼ƒå€¼å¾—ï¼Œé å‚³è¾¦211å°±å¤ äº†,å€¼å¾—/VH å»º/VC å¤š/VH æ„Ÿè¦º/VK é™é€Ÿ/VA è²´/VH è¾¦/VC æ„Ÿè¦º/VK å€¼å¾—/VH è¾¦/VC å¤ /VH
134,é€™å€‹çœ‹èµ·ä¾†å€’åƒ488çš„å‡ç´šç‰ˆï¼Œé‚„æœ‰è³¼æ©ŸæŠ˜åƒ¹ï¼Œæ„Ÿ è¦ºæŒºåˆ’ç®—çš„ã€‚,åƒ/VG æœ‰/V_2 è³¼æ©Ÿ/VA æŠ˜åƒ¹/VJ æ„Ÿ /VK è¦º/VK åˆ’ç®—/VH
135,åœ¨ç¦æ¾³æ¸¯åŠä»‹å£½æ‘ç­‰äººå¤šå¯†é›†å€ï¼Œå°æ˜Ÿä¸Šç¶²åŠæ‰“é›»è©±éƒ½æ˜¯å¾ˆé †æš¢çš„ã€‚é™¤éåˆ°ä¸€èˆ¬å—ç«¿æ¯”è¼ƒååƒ»çš„åœ°æ–¹ï¼Œæ‰æœƒæœ‰æ”¶ è¨Šä¸è‰¯æƒ…æ³ç™¼ç”Ÿ,å¤š/VH ä¸Šç¶²/VA æ‰“é›»è©±/VB é †æš¢/VH åˆ°/VCL ååƒ»/VH æœ‰/V_2 æ”¶/VC ä¸è‰¯/VH ç™¼ç”Ÿ/VJ
136,å°å“¥è¨­å‚™ç”¨çš„æ¯”é å‚³å·®,ç”¨/VC å·®/VH
137,ä½†æ˜¯å°å“¥å¤§æ—¢æ²’æœ‰ä¸­è¯å»£æ³›çš„åŸºåœ°å°ï¼Œä¹Ÿæ²’æœ‰å…©å°é›»ä¿¡çš„é«˜CPå€¼ï¼Œé å‚³è‡³å°‘é‚„æœ‰LM å¯ä»¥åœ¨é›™11å‡ºä¾†æ‡‰æˆ°,æ²’æœ‰/VJ å»£æ³›/VH æ²’æœ‰/VJ å°/VH é«˜/VH æœ‰/V_2 å‡ºä¾†/VA æ‡‰æˆ°/VA
138,è‡³æ–¼é å‚³è·Ÿå°å“¥å¤§......å¾2014å¹´é€²4Gæ™‚ä»£èµ·å°±å¾ä¾†æ²’ç”¨éäº†==æ”¶è¨Šæ²’ä¸­è¯å¥½ï¼Œä¿ƒæ¡ˆæ²’äºŒå°æ®º,é€²/VC ç”¨/VC æ”¶è¨Š/VA æ²’/VJ å¥½/VH æ²’/VJ å°/VH æ®º/VC
139,ç¶²è·¯å“è³ªä¾†èªªä¸­è¯>é å‚³>Others,èªª/VE
140,ä»¥è³‡è²» ä¾†èªªäºå¤ª>å°æ˜Ÿ>Others,èªª/VE
141,æ•´é«”å¹³è¡¡æˆ‘æœƒé¦–é¸ä¸­è¯å†ä¸ç„¶æ’¿ä¾¿å®œä¹Ÿæ˜¯å°æ˜Ÿå°å“¥å°±ä¸ä¸Šä¸ä¸‹æ²’æœ‰ä¾¿å®œä¹Ÿæ²’æœ‰å“è³ªï¼Œæ•´å€‹å¾ˆç³Ÿç³•,å¹³è¡¡/VHC æ’¿ä¾¿å®œ/VA ä¸ä¸Šä¸ä¸‹/VH æ²’æœ‰/VJ ä¾¿å®œ/VH æ²’æœ‰/VJ ç³Ÿç³•/VH
142,å¯æƒœè©±è¡“å¤ªå·® è¼¸å°å“¥å¤§å¥½å¹¾å¹´ é«˜éšæ©Ÿåˆ†æ½¤è¶Šä¾†è¶Šå·® ä¸­è¯éƒ½ä¸ä¸»æ‰“å“€é³³äº†,å¯æƒœ/VH å·®/VH è¼¸/VD å·®/VH ä¸»æ‰“/VC
143,ä¸­è¯é›»ä¿¡çš„åº—å“¡ç”¨æœå‹™è´äº†ä¸€å€‹ç”¨æˆ¶,æœå‹™/VC è´/VD
144,ä¸­è¯ç©©å®šï¼Œä½†æ˜¯è²´,ç©©å®š/VHC è²´/VH
145,ä¹‹å‰ç”¨éå°ç£ä¹‹æ˜Ÿ4Gï¼Œåˆ°æœŸç«‹é¦¬æ›å›ä¸­è¯,ç”¨/VC åˆ°æœŸ/VH æ›å›/VC
146,ç´„ä¸€åˆ° ä¸€å®šè¦æ›ä¸­è¯é›»ä¿¡,æ›/VC
147,ä¹‹å‰ä¸­è¯æœ‰æ™‚å€™æœƒæ”¶ä¸åˆ°ï¼Œç¾åœ¨é å‚³é‚„ç®—ç©©å®š,æ”¶/VC åˆ°/VC ç®—/VG ç©©å®š/VHC
148,ç”¨ä¸­è¯ï¼Œæ‰“éŠæˆ²çœ‹å½±ç‰‡éƒ½å¾ˆé †æš¢!,æ‰“éŠæˆ²/VA çœ‹/VC é †æš¢/VH
149,3GBä»¥å…§ç”¨é‡ äºå¤ª11éƒ½å¾ˆé©åˆ è€Œä¸”ä»–çš„æµ é‡åŒ…æ²’ç”¨å®Œé‚„å¯ä»¥å»¶éä¸€æ¬¡ å¦‚æœä½ çœŸçš„è¦é¸äºå¤ª99è€Œé‚£ä½ ä¸å¦‚NPå°å“¥å¤§æ–°æœ‹å‹,é©åˆ/VH ç”¨å®Œ/VC å»¶é/VD é¸/VC ä¸å¦‚/VJ æ–°/VH
150,äºå¤ªé€™æ™‚é–“é»ä¸æ˜¯ 11 å°±æ˜¯ 88 å§ï¼Œæ€éº¼æœƒè€ƒæ…® 99,è€ƒæ…®/VE
151,è£œä¸Šä¸€å †æ–°è™Ÿç¢¼å¯é¸ï¼Œå•Šï½æ‰‹å¥½ç™¢ï¼å“ˆï½,è£œä¸Š/VC æ–°/VH é¸/VC ç™¢/VH
152,å°æ˜Ÿçš„å¯ä»¥ å…¶ä»–çš„å°±ç®—äº†,ç®—/VH
153,åªé¸å¸‚å€å°æ˜Ÿ188&88ï¼ŒéƒŠå€LM111,é¸/VC
154,å°æ˜Ÿ188ä¸é™é€Ÿï¼Œäººå£ç¨ å¯†çš„å¸‚å€CAå¾Œä¸‹è¡Œåªæœ‰37M... æˆ‘è¦ºå¾—å°æ˜Ÿä¸é™é€Ÿå·²ç¶“ç©åˆ°åƒå¨å¯¶3Gæ™‚ä»£çš„13M...,é™é€Ÿ/VA ç¨ å¯†/VH æœ‰/V_2 è¦ºå¾—/VK é™é€Ÿ/VA ç©/VC
155,é€™é€±äºå¤ªå„ªæƒ $88 8G è¶…éæµé‡é™é€Ÿ3mé‚„éŒ¯ï¼Œå®¶äººå·²è¾¦,å„ªæƒ /VJ è¶…é/VJ é™é€Ÿ/VA éŒ¯/VH è¾¦/VC
156,å‹¿å¿˜499ä¹‹äº‚ã€Œåä¸­è¯é›»ä¿¡å…¶ä¸­ä¸€å€‹åŸå› ã€,å¿˜/VK äº‚/VH å/VC
157,æˆ‘çš„ç¶²è·¯æ²’äº†æ‰ä¸€å¤©è€Œå·²æœ‰å¤ å°‘ ,æ²’/VJ
158,é å‚³èªªçš„éƒ½æ˜¯é¬¼è©±,é å‚³/VH èªª/VE
159,ä¸­è¯é›»ä¿¡æ€éº¼æ‰çµ¦5Gb,çµ¦/VD
160,ä¸­è¯é›»ä¿¡å¹«å¹«å¿™å¥½ä¸å¥½,å¹«å¹«å¿™/VA å¥½/VH å¥½/VH
161,ç”¨modæ¯”itunesé‚„é †,
162,ç”Ÿæ´»åœˆè·Ÿä½å®¶å°åŒ—æ˜¯é å‚³æ¯”è¼ƒå¥½é«˜é›„å‰‡æ˜¯å°æ˜Ÿ,å¥½/VH
163,piå¹£æ‹¿å»æŠ˜æŠµä¸­è¯é›»ä¿¡æœˆç§Ÿè²»ä¹Ÿè »åˆ’ç®—çš„,æ‹¿å»/VC æŠ˜æŠµ/VC åˆ’ç®—/VH
164,å°±ç›´æ¥è·Ÿè‡ºå“¥èªªæ°æ°å§ï¼Œå»ä¸­è¯å»é å‚³ä»€éº¼éƒ½å¥½,ç›´æ¥/VH èªª/VE å»/VCL å»/VCL å¥½/VH
165,æ•²ç¢—ç­‰ä¸­è¯,æ•²/VC
166,ä¸­è¯é›»ä¿¡çœŸçš„å¥½ï¼Œï¼Œåˆç´„åˆ°æœŸè¶•ç·Šç§»å›ä¸­è¯é›»ä¿¡ï¼Œï¼Œä¸æƒ³å†ç•¶å†¤å¤§é ­äº†ã€‚ã€‚ã€‚,å¥½/VH åˆ°æœŸ/VH ç§»å›/VC æƒ³/VE ç•¶/VG
167,å°å“¥å¤§ ä»Šæ™šå¥½ä¸€é» åå ´æ–·ä¸€å…©å ´,å¥½ä¸€é»/VH æ–·/VHC
168,ä¸­è¯é›»ä¿¡å†å¿½è¦–è€ç”¨æˆ¶å°±æ±ºå®šè·³æ§½äº†,å¿½è¦–/VJ è€/VH æ±ºå®š/VE è·³æ§½/VA
169,æˆ‘åªæƒ³å•ä¸­è¯é›»ä¿¡ï¼Œç„¡æ³•é›»è©±å–æ¶ˆåªèƒ½è‡¨æ«ƒè¾¦ ç†ï¼Œé‚£ç‚ºä½•é–€å¸‚ä¸€é€šé›»è©±å°±èƒ½ç¶å®šï¼Ÿ,æƒ³/VE å•/VE å–æ¶ˆ/VC è‡¨æ«ƒ/VA è¾¦/VC  ç†/VC ç¶å®š/VC
170,æœƒ å¦‚æ­¤ çˆ›, çˆ›/VH
171,ä¸ä½†ä¸€æ¨£è³‡è²»åŸæœ¬å…§å®¹ä»¥å¤–çš„å„ªæƒ æœ‰å¢åŠ æ›´å¤šå„ªæƒ çµ¦é¡§å®¢é‚„æ²’æœ‰èª¿æ¼²å‘¢ï¼åŸæœ¬ç¶²å¤–é€šè©±å¢åŠ å…è²»ä»¥å¤–åƒåˆ°é£½çš„éƒ¨åˆ†éƒ½æ²’æœ‰è®Š,ä¸€æ¨£/VH å„ªæƒ /VJ æœ‰/V_2 å¢åŠ /VHC å„ªæƒ /VJ èª¿æ¼²/VC é€šè©±/VB å¢åŠ /VHC å…è²»/VH åƒ/VC é£½/VH æ²’æœ‰/VJ è®Š/VG
172,è€å®¢æˆ¶éƒ½ä¸å‹å–„,è€/VH å‹å–„/VH
173,fridayå½±éŸ³,
174,æˆ‘å®¶å¯¦åœ¨ä¸è¡Œ,ä¸è¡Œ/VH
175,ç™½å¤©å¤§ç´„30m æ™šä¸Šæœƒè‡ªå‹•æ¸›é€Ÿ æ…¢åˆ°1mä¸åˆ° ç„¶å¾Œ å°æ˜Ÿç™½å¤©20m æ™šä¸Šä¹Ÿå¤§ç´„15-20må·¦å³ æˆ‘æ˜¯åœ¨æˆ‘å®¶æ¸¬çš„...æˆ‘ä¹‹å¾Œ æ‰“æ­»ä¸è¾¦å°å“¥,è‡ªå‹•/VH æ¸›é€Ÿ/VA æ…¢/VH ä¸/VJ æ¸¬/VC æ‰“æ­»/VC è¾¦/VC
176,ä¸­è¯>é å‚³>å°å“¥å¤§>å°æ˜Ÿ,
177,é™¤äº†ä¸­è¯ èª°é‚„è¦å†NPå›ä¾†,NP/VA å›ä¾†/VA
178,è¶…éä»¥å¾Œ10Mæ¯”èµ·ä»¥å‰è¾¦çš„ä¸­è¯è¶…ç›¤å­¸ç”Ÿå°ˆæ¡ˆ5xxå¥½å¤šäº†æ¯å€‹æœˆ5G é™é€Ÿé‚„åªæœ‰128kps é€£lineéƒ½æ‰“ä¸å‡ºå»,è¶…é/VJ è¾¦/VC å¥½/VH é™é€Ÿ/VHC æœ‰/V_2 æ‰“/VC å‡ºå»/VC
179,éƒ½ç ´200ï¼Œåˆ°ç¾åœ¨é‚„æœ‰å¾ˆå¤šå®¶10å¹¾M,ç ´/VC æœ‰/V_2
180,YTé †é †çœ‹,é †é †/VH çœ‹/VC
181,é€šä¿¡ç´„ç¬¬ä¸€å¹´388å°±çµ¦ç¶²è·¯åƒåˆ°é£½äº†,é€šä¿¡/VA ç´„/VC çµ¦/VD åƒ/VC é£½/VH
182,çœŸçš„åªæœ‰87æ‰æœƒç”¨,ç”¨/VC
183,ä¸­è¯å°±ä¸èƒ½å°è€å®¢æˆ¶å¥½ä¸€é»å°±ä¸€ä»˜ä¸æƒ³ç†çš„æ¨£å­,è€/VH å¥½/VH æƒ³/VE ç†/VC
184,æœŸé™å¿«åˆ°å‰ä»–æœƒå«ä½ æ‰“é›»è©±çµ¦åˆ¥äººä¾†å»¶é•·é–€è™Ÿä½¿ç”¨æœŸé™,åˆ°/VCL å«/VF æ‰“é›»è©±/VB å»¶é•·/VC
185,æ‰‹æ©Ÿè²»å¾ç ´åƒè®Š299,ç ´åƒ/VC è®Š/VG
186,éƒ½è·‘ä¸å‹•,è·‘ä¸å‹•/VH
187,ä¸­è¯è·Ÿå°æ˜Ÿéƒ½è·‘ä¸å‹•,è·‘ä¸å‹•/VH
188,é€¼ä½ æ›5Gå°±è·Ÿç•¶å¹´ADSLé™é€Ÿé€¼ä½ æ›å…‰çº–ä¸€æ¨£,é€¼/VF æ›/VC é™é€Ÿ/VB é€¼/VF æ›/VC ä¸€æ¨£/VH
189,å…©å®¶çš„é€Ÿåº¦éƒ½ä¸å¦‚ä¸­è¯å’Œé å‚³ï¼Œ,ä¸å¦‚/VJ
190,ä¹Ÿèƒ½èªçœŸä¸€é»åˆ¥è€æ˜¯ä¸æŠŠè€å®¢æˆ¶ç•¶æˆä¸€å›äº‹,èªçœŸ/VH è€/VH ç•¶æˆ/VG
191,æ•´é«”å±Œæ‰“å…¶ä»–å®¶,
192,å·ç›¡é€Ÿåˆ°å—ä¸äº†,å·/VC é€Ÿ/VH å—ä¸äº†/VK
193,æˆ‘æœ€å¾Œä¹Ÿæ˜¯é•ç´„é‡‘ä»˜äº†,ä»˜/VD
194,é‚„æœ‰299ç„¡é™é€Ÿåƒåˆ°é£½,æœ‰/V_2 ç„¡/VH åƒåˆ°é£½/VC
195,ä¸‹èª²ä¸‹ç­ä¹‹å¾Œéƒ½æœƒé€™æ¨£ï¼Œå¤ªå¤šäººç”¨äº†,ä¸‹èª²/VH ä¸‹ç­/VH é€™æ¨£/VH ç”¨/VC
196,åŸæœ¬ä¸€å€‹æœˆ799å…ƒåªæœ‰9GBæµé‡ï¼Œç¾åœ¨æ›æˆ699åƒåˆ°é£½ä¸é™é€Ÿï¼Œæ„Ÿè¦ºå¾ˆçˆ½ï¼[emo13],æœ‰/V_2 æ›æˆ/VG åƒ/VC é£½/VH é™é€Ÿ/VJ æ„Ÿè¦º/VK çˆ½/VH
197, äºå¤ªé‚„æ˜¯æ¯”å°æ˜Ÿå¥½ ^_^,å¥½/VH
198,å ‚å§èªªåœ¨ä¸­è¯è¾¦åƒåˆ°é£½ æ‰‹æ©Ÿå…«åƒæœ‰æ‰¾ï¼Œè®“è¶…å¿ƒå‹•derâ€¦,èªª/VE è¾¦/VC åƒåˆ°/VC é£½/VH æœ‰/V_2 æ‰¾/VC è®“/VL è¶…/VJ å¿ƒå‹•/VI
199,å†ä¸ç„¶å°±æ˜¯é¸ä¸­è¯4G,é¸/VC
200,æˆ‘æ˜¯è¦ºå¾—æœ‰é€ä¸å°‘é€šè©±çš„ä¸­è¯ä¸é™é€Ÿåƒåˆ°é£½488-499å¾ˆæ¥µé™äº†,è¦ºå¾—/VK æœ‰/V_2 é€/VD é€šè©±/VB é™é€Ÿ/VJ åƒåˆ°/VC é£½/VH
201,æœ€è¿‘ä¹Ÿåœ¨è€ƒæ…®è¦ç”¨é å‚³é‚„æ˜¯ç¨®èŠ±çš„ï¼Œä¸éæœ€è¿‘5Gå‰›é–‹è‡ºï¼Œ4Gç¶²è·¯éƒ½æœ‰é»è®Šæ…¢çš„æ„Ÿè¦º,è€ƒæ…®/VE ç”¨/VC ç¨®èŠ±/VA é–‹/VA è®Šæ…¢/VH
202,éš”å£çš„äººç”¨å°æ˜Ÿé‚„æ¯”æˆ‘ç”¨çš„ä¸­è¯é †,ç”¨/VC
203,åªæœ‰é å‚³ æ²’æœ‰è¨Šè™Ÿ,æ²’æœ‰/VJ
204,ä¸­è¯>é å‚³>>>>>>>>å°å“¥,
205,æˆ‘åœ¨è‡ºä¸­é€Ÿåº¦ä¹Ÿè¶…æ…¢,æ…¢/VH
206,å¯æ˜¯æˆ‘ä¸­è¯æœ€è¿‘ä¹Ÿå¾ˆå¡æ¬¸,å¡/VH
207,è·³ä¸­è¯æ›ç©å®š,è·³/VA æ›/VC
208,ä¸­è¯é›»ä¿¡ä¸è€ƒæ…®,è€ƒæ…®/VE
209,ä¸­è¯è·³å°å“¥å¤§å†è·³é å‚³ï¼Œæˆ‘æ¨å°å“¥å¤§,è·³/VA é å‚³/VD æ¨/VC
210,-åªæœ‰é å‚³ æ²’æœ‰è¨Šè™Ÿ-,é å‚³/VH æ²’æœ‰/VJ
211,ç”¨éäºå¤ª ä½ å°±çŸ¥é“ä¸‰å¤§çš„å¥½å‘µå‘µäºå¤ªé€£é›»è©±éƒ½æ‰“ä¸é€š,ç”¨/VC çŸ¥é“/VK å¤§/VH å¥½/VH æ‰“/VC é€š/VC
212,äºå¤ªçœŸçš„å°ç£ä¹‹æ˜Ÿä»¥ä¸‹ï¼Œé€£èª¿ä¾ƒéƒ½æ‡¶w,èª¿ä¾ƒ/VC æ‡¶/VH
213,å°ç£ä¹‹æ˜Ÿåæ­£è¨Šè™Ÿéƒ½å¾ˆçˆ› ä¸å¦‚é¸å€‹ä¾¿å®œçš„,çˆ›/VH é¸/VC ä¾¿å®œ/VH
214,æ”œç¢¼å­¸å°ˆ 688(30) æ˜¯æœ€å„ªé¸,æ”œ/VC
215, ä¸­è¯é›»ä¿¡è·Ÿå°å“¥å¤§éƒ½æœ‰è²©å”®è¯ç‚ºé€šè¨Šè¨­å‚™çš„å‰ç§‘,æœ‰/V_2 è²©å”®/VD
216, ä¸­è¯é›»ä¿¡è·Ÿå°å“¥å¤§éƒ½æœ‰è²©å”®è¯ç‚ºé€šè¨Šè¨­å‚™çš„å‰ç§‘,æœ‰/V_2 è²©å”®/VD
217, é å‚³æœ€è¿‘LMè©•åƒ¹ä¸éŒ¯çš„æ¨£å­,ä¸éŒ¯/VH
218,æˆ‘ä¸­è¯éƒ½å¾ˆé †,é †/VH
219,ä½ æœ‰è€ƒæ…®åˆ°ç”¨äºå¤ªçš„å¿ƒè²å—,è€ƒæ…®åˆ°/VE
220,å¿«è¢«ä¸­è¯æ°£æ­»==,æ°£æ­»/VHC
221,ä¸­è¯é›»ä¿¡åªçµ¦æˆ‘ä¸€å¹´å…è²»çš„VOWiFiæ‰“ç™¼æˆ‘äº†äº‹ æ“ ç„¶å¾Œæˆ‘å®¶æ²’å›ºç¶² æ“,çµ¦/VD å…è²»/VH æ‰“ç™¼/VC äº†äº‹/VA æ“/VC æ²’/VJ æ“/VC
222,ä¸é™é€Ÿå¯æ˜¯æˆ‘çºŒç´„ä¹‹å¾Œéƒ½è¦ºå¾—å¾ˆæ…¢...,é™é€Ÿ/VJ çºŒç´„/VA è¦ºå¾—/VK æ…¢/VH
223,"é€£ç©coin masteréƒ½æœƒæ–·ç·šçš„é›»ä¿¡æˆ‘çœŸçš„ä¸çŸ¥é“è¦èªªä»€
éº¼",ç©/VC æ–·ç·š/VH çŸ¥é“/VK èªª/VE
224,"æ¯å®¶éƒ½æœ‰è¡¨ç¾å·®çš„ç‹€æ³ï¼Œå°±æ˜¯çœ‹ç’°å¢ƒé©åˆèª°å›‰ï¼Œæˆ‘ç”Ÿ
æ´»åœˆå°å“¥å°±æ˜¯é †",æœ‰/V_2 è¡¨ç¾/VC å·®/VH çœ‹/VE é©åˆ/VH ç”Ÿ/VC é †/VJ
225,ç´”å™“å°å“¥,ç´”/VH å™“/VC
226,å°å“¥èƒ½æ‹¿???ç‹—å±éƒ½èƒ½åƒäº†,æ‹¿/VC åƒ/VC
227,"ä¸éé å‚³é€™æ¬¡æ‹¿é›™å† çœŸçš„
æœ‰è®“äººåˆ®ç›®ç›¸çœ‹",æ‹¿/VC æœ‰/V_2 è®“/VL åˆ®ç›®ç›¸çœ‹/VB
228,"ä¸­è¯é›»ä¿¡5Gæœ‰åœ¨å»ºè¨­ï¼Ÿï¼Ÿå‡ºé–€é€£åˆ°5Gçš„æ©Ÿæœƒé‚„æ˜¯ä¸åˆ°1/
10",æœ‰/V_2 å»ºè¨­/VC å‡ºé–€/VA ä¸/VJ åˆ°/VCL
229,å°å“¥,
230,èº«ç‚ºå°å“¥å¤§ç”¨æˆ¶çœ‹åˆ°å°å“¥ä¹Ÿæœ‰çå°±çŸ¥é“é€™åˆ†æå…«æˆç¬‘è©±,èº«ç‚º/VG çœ‹åˆ°/VE æœ‰/V_2 çŸ¥é“/VK åˆ†æ/VC
231,é å‚³çœŸçš„å±Œæ‰“ä¸­è¯å¤§å®¶è¶•å¿«è·³æ§½ä¸­è¯è¾¦é å‚³,è·³æ§½/VA è¾¦/VC
232,æœ€è¿‘é å‚³æ˜¯ä¸æ˜¯æ•…æ„é™é€Ÿå•Šâ€¦æƒ³èª˜å°å¤§å®¶æ›5G?,æ•…æ„/VL é™é€Ÿ/VHC æƒ³/VE èª˜å°/VC æ›/VC
233,æˆ‘ä¹Ÿæ”¶åˆ°äº†ï¼Œåªæ˜¯è¦ç¶33å€‹æœˆæœ‰é»ä¹…,æ”¶åˆ°/VC ç¶/VC ä¹…/VH
234,é ï¼å¸‚è©±ç¸®æ°´,é /VJ ç¸®æ°´/VH
235,é€™å€‹æ–¹æ¡ˆå¾ˆå„ªäº†é˜¿ ,å„ª/VH
236,ä¹‹å‰éƒ½0.5 1% ç”¨hamiå°è³¼éƒ½æ¯”lineå¥½ XD,å°è³¼/VC å¥½/VH
237, å¦‚æœä½ æ²’æœ‰ä¿¡ç”¨å¡å¯ä»¥åˆ†æœŸï¼Œ ä½ å°±æŠŠé–€è™Ÿè¾¦ç†1399ç°½ç´„48å€‹æœˆï¼Œè®“æ‚¨çš„è² æ“”é™ä½è¼•é¬†æ“æœ‰iPhone 12ï¼ï¼ ä¸­è¯é›»ä¿¡ï¼Œä¸€ç›´èµ°åœ¨æœ€å‰é¢ï¼ï¼ çœŸçš„è®šï¼,æ²’æœ‰/VJ è¾¦ç†/VC ç°½ç´„/VA è®“/VL è² æ“”/VC é™ä½/VHC è¼•é¬†/VH æ“æœ‰/VJ èµ°/VA è®š/VH
238,ä¸­è¯å±±ä¸‹é —æ…¢,æ…¢/VH
239,å°æ˜Ÿå±±ä¸Šå±±ä¸‹éƒ½å¿«,
240,æˆ‘è‡ªå·±æ˜¯ç”¨å°æ˜Ÿæˆ‘è¦ºå¾—è »å¤ ç”¨çš„é˜¿æˆ‘é‚„å¯ä»¥é–‹åˆ†äº«çµ¦ç”¨ä¸­è¯çš„å®¤å‹,è¦ºå¾—/VK å¤ /VH ç”¨/VC é–‹/VC åˆ†äº«/VJ çµ¦/VD ç”¨/VC
241,å°æ˜Ÿç®—ä¸éŒ¯äº†å•Š ,ç®—/VG ä¸éŒ¯/VH
242,ä»¥å‰ç”¨é å‚³çœŸçš„çˆ›çˆ†,é å‚³/VH çˆ›çˆ†/VH
243,å°å“¥å¤§å°±å¥½å•¦,å¥½/VH
244,"Fox+ç¾åŠ‡ ã€Œæ¯’é›ªç´›é£›ã€ ç¬¬ä¸€å­£ç¼ºç¬¬2é›†ï¼Œæˆ‘çœ‹é€™é‚Šéƒ½å›è¦†å«äººé€šå ±ä¸­è¯800å®¢æœï¼Œä½†æ‰“å»800å®¢æœåˆèªªè«‹è¯çµ¡fox,å•é¡Œ foxåˆå…¬å‘Šè«‹è¯çµ¡ä¸­è¯é›»ä¿¡ï¼Œåˆ°åº•è¦æ€éº¼è¾¦é˜¿ï¼Ÿï¼Ÿï¼Ÿ",æ¯’/VH ç´›é£›/VH ç¼º/VJ çœ‹/VE å›è¦†/VD å«/VF é€šå ±/VE æ‰“å»/VC èªª/VE è«‹/VF è¯çµ¡/VC å…¬å‘Š/VE è«‹/VF è¯çµ¡/VC æ€éº¼è¾¦/VH
245,æŠŠå¥½å¥½çš„appææˆé€™ä»˜é¬¼æ¨£,å¥½å¥½/VH ææˆ/VG
246,äºå¤ª ç„¡æ”¶è¨Š æ²’ç¶²è·¯ å†ä¾¿å®œä¹Ÿç„¡ç”¨--,æ”¶è¨Š/VA æ²’/VJ ä¾¿å®œ/VH ç„¡ç”¨/VH
247,æœ¬äººä»Šå¹´9æœˆå»ä¸­è¯è¾¨1399å…ƒ5gæ–¹æ¡ˆï¼Œå¯æ˜¯ä¸€ç›´æ²’æœ‰5gå¯ä»¥ç”¨ï¼›å»å•å®¢æœä¸€ç›´è¦æˆ‘ç­‰ã€‚ä¸€å®šæœƒæœ‰5gå»é–€å¸‚å•èªªå¹´åº•å°±æœƒæœ‰äº†åœ¨ æ–°ç«¹çš„æ¹–å£å·¥æ¥­å€ï¼Œå•800å®¢æœèªªè¦ç­‰3å¹´åˆ°åº•é‚£å€‹æº–ï¼›ç”¨5gè³‡è²»å»åªæœ‰4gçš„ç¶²è·¯ï¼Œæœ‹å‹å«æˆ‘å»æ¶ˆä¿å®˜ç”³è¨´ã€‚è«‹å•æœ‰ç”¨å—ï¼Ÿæœ¬äººæ˜¯ åœ¨æ–°ç«¹æ¹–å£ï¼Œæ–°ç«¹å¸‚å’Œç«¹åŒ—å¸‚ä¹Ÿæœ‰éƒ½äº†ã€‚æœ¬ä¾†å®¶ä¸­çš„å··å£æœ‰5gï¼Œæœ€è¿‘åˆæ²’æœ‰äº†ï¼›ç¹³å¿ƒé…¸çš„,å»/VCL è¾¨/VC æ²’æœ‰/VJ ç”¨/VC å•/VE ç­‰/VC æœ‰/V_2 å»/VCL å•/VE èªª/VE æœ‰/V_2 å•/VE èªª/VE ç­‰/VC æº–/VH æœ‰/V_2 å«/VF å»/VCL ç”³è¨´/VE è«‹å•/VE æœ‰ç”¨/VH æœ‰/V_2 æœ‰/V_2 æ²’æœ‰/VJ ç¹³/VD å¿ƒé…¸/VH
248,åƒåˆ°é£½çš„æœ‰é»è²´èª’,åƒ/VC é£½/VH è²´/VH
249,çœ‹çš„è³‡è²»æ–¹æ¡ˆå¾Œï¼Œé‚„æ˜¯çºŒç”¨4Gå§ã€‚è²»ç‡äº¬äººé‚„è¦æ›æ‰‹æ©Ÿï¼Œé–‹éŠ·ä¸å°ã€‚,çœ‹/VC æ›/VC å°/VH
250,å¤ªè²´äº†å§,è²´/VH
251,ä¸­è¯å°ä¸€äº›äº”ç™¾å…ƒå…§å®¢æˆ¶ä¸æ˜¯å¾ˆçœ‹é‡,çœ‹é‡/VJ
252,ä¸­è¯æœ€è¿‘æ˜¯æ€éº¼äº†ï¼Œä¸Šç¦®æ‹œåœ¨å®¶æ‰‹æ©Ÿç¶²é€Ÿæœ‰80mï¼Œé€™ç¦®æ‹œè®Š20m,æ€éº¼/VH æœ‰/V_2 è®Š/VG
253,æ€ªä¸å¾—æˆ‘ç”¨å®¶è£¡çš„é›»è…¦é–‹ä¸äº†æ¨ç‰¹ï¼ˆæˆ–é–‹äº†çœ‹ä¸åˆ°åœ–ï¼‰ï¼Œä½†ç”¨æ‰‹æ©Ÿï¼ˆç„¡æ¡†ï¼‰ä¸Šç¶²å°±å¯ä»¥æš¢æ»‘ç„¡é˜»ï¼ŒåŸä¾†æ˜¯ä¸­è¯é›»ä¿¡çš„å•é¡Œå—ï¼,é–‹ä¸äº†/VC é–‹/VC çœ‹/VC åˆ°/VC ç„¡æ¡†/VJ ä¸Šç¶²/VA æš¢æ»‘/VH ç„¡é˜»/VH
254,é å‚³æœ€å¿«,å¿«/VH
255,çœ‹äº†ä¸€ä¸‹é€™å€‹æ–¹æ¡ˆ é¸æ“‡è »å¤šå…ƒçš„è€¶ é‚„æœ‰ç¦®åˆ¸èƒ½æ­é…æ›ç®—ä¸‹ä¾†é —åˆ’ç®—çš„,çœ‹/VC é¸æ“‡/VC å¤šå…ƒ/VH æœ‰/V_2 æ­é…/VC æ›ç®—/VC åˆ’ç®—/VH
256,ä¸åˆ’ç®—ï¼Œå®¶æ¨‚ç¦ç¦®åˆ¸ 6000ï¼Œä½†æ˜¯ä½  499 è¦ç¶ 30å€‹æœˆï¼Œç­‰æ–¼æ¯æœˆ 299 é€ 500åˆ†é˜ã€‚ ä¹‹å‰éƒ½å·²ç¶“æœ‰ 299 é€ 1000åˆ†é˜äº†ï¼Œé€™å€‹æ–¹æ¡ˆæœ‰å•¥å¥½è¾¦çš„ã€‚ æ›´ä¸ç”¨èªªæ¯æœˆ 299 é€ 500åˆ†é˜ï¼Œåªè¦ 158 å°±è¾¦å¾—åˆ°äº†(äºŒå¹´ç´„)ï¼Œä½•å¿…è¢«ç¶æ›´é•·çš„ 30å€‹æœˆï¼Œç„¶å¾Œåƒ¹éŒ¢åˆè¦ 299ï¼Ÿ,åˆ’ç®—/VH ç¶/VC ç­‰æ–¼/VG é€/VD æœ‰/V_2 é€/VD æœ‰/V_2 å¥½/VH è¾¦/VC é€/VD è¾¦/VC åˆ°/VC ç¶/VC é•·/VH è¦/VC
257,é–‹äº†äºŒå°Tab S7+ 5Gå¹³æ¿ç”¨HAMI VIDEO APPæ”¶è¦– ç›®å‰åœ¨å®¤å…§ç”¨4Gé€£ç·šçœ‹äº†ä¸€å±€å¾ˆé †ä¸å¡é “æ„Ÿè¦ºä¸éŒ¯ï¼,é–‹/VC å¹³æ¿/VH ç”¨/VC é€£ç·š/VB çœ‹/VC é †/VH å¡é “/VH æ„Ÿè¦º/VK ä¸éŒ¯/VH
258,è«‹å•å„ä½ç™»å…¥ä¸­è¯é›»ä¿¡appæœƒé€™æ¨£å—ï¼Ÿæƒ³æŸ¥å€‹å¸³å–®ä½†æ˜¯ç¸½æ˜¯é¡¯ç¤ºå¿™ç¢Œæˆ–ç¶²è·¯æ…¢æˆ–æ˜¯åœ¨ç™»å…¥çš„æ™‚å€™é¡¯ç¤ºç™»å…¥æˆåŠŸï¼Œå»æ²’æœ‰è½‰æ›é é¢å¡åœ¨ç™» å…¥ç•«é¢æˆ‘æ˜¯iPhone 7+ï¼ŒiOS 14.3ä¸çŸ¥é“æ˜¯ä¸æ˜¯åªæœ‰æˆ‘æœƒé€™æ¨£...--,è«‹å•/VE ç™»å…¥/VCL é€™æ¨£/VH æƒ³/VE æŸ¥/VE é¡¯ç¤º/VK å¿™ç¢Œ/VH æ…¢/VH ç™»å…¥/VCL é¡¯ç¤º/VK ç™»å…¥/VCL æˆåŠŸ/VH è½‰æ›/VC ç™»/VC å…¥/VCL çŸ¥é“/VK é€™æ¨£/VH
259,ä¸‰å°ï¼Œç‚ºå•¥ä¸­è¯é›»ä¿¡è¦å–æ¶ˆä¿¡ç”¨å¡è‡ªå‹•è¨‚é–±ï¼Ÿæœ‰å•¥ç†ç”±ï¼Ÿ,å°/VH å–æ¶ˆ/VC è‡ªå‹•/VH è¨‚é–±/VC æœ‰/V_2
260,ä¸­è¯æœˆç§Ÿ2699è¦è·Ÿä½ èªªï¼Ÿ,èªª/VE
261,4G CAä¸æ¯”ç¾åœ¨çš„5G æ…¢ï¼Œç¾åœ¨çš„5Gæ²’æœ‰ä½å»¶é²çš„å„ª å‹¢ã€‚,ä¸/VJ æ…¢/VH æ²’æœ‰/VJ ä½/VH å»¶é²/VHC å„ª å‹¢/VH
262,Hami app æœ¬èº«å°±æ˜¯è¨­è¨ˆçš„é€™éº¼ä¸äººæ€§?,ä¸/VH äººæ€§/VH
263,HamiPayåœ¨é€™æ–¹é¢çš„é¸æ“‡å¡ç‰‡çš„ä»˜æ¬¾å‹•ä½œè¨­è¨ˆçš„ä¸å¤ äººæ€§,é¸æ“‡/VC ä»˜æ¬¾/VB è¨­è¨ˆ/VC å¤ /VH
264,äºå¤ªå¯ä»¥è·‘åˆ°20ï¼Œä½†åŒæ™‚æ®µçš„ä¸­è¯å»ä¸è¡Œï¼Œå”‰,è·‘åˆ°/VCL ä¸è¡Œ/VH
265,äºå¤ªæ¯”ä¸­è¯ï¼Œé å‚³å¥½,å¥½/VH
266,æˆ‘ä¹Ÿé€™æ¨£èªç‚ºï¼Œä½†å‰›å¾ä¸­è¯è½‰åˆ°å°æ˜Ÿ1111å¹¾å¤©ï¼Œ å¾ˆç¥å¥‡ï¼ŒçœŸçš„æ¯”è¼ƒè€—é›»ï¼ å…¶å®ƒæ¢ä»¶APPå®Œå…¨ç›¸åŒï¼Œç¡¬æ˜¯å¤šè€—é›»10~20ï¼… çœŸçš„å¾ˆå¦™,é€™æ¨£/VH èªç‚º/VE è½‰åˆ°/VCL ç¥å¥‡/VH è€—é›»/VJ ç›¸åŒ/VH è€—é›»/VJ å¦™/VH
267,å¸Œæœ›å¤§å®¶ä¸è¦è¾¦ä¸­è¯æ‹œè¨—å¤§å®¶äº†,å¸Œæœ›/VK è¾¦/VC æ‹œè¨—/VC
268,æœ€è¿‘ä¸­è¯å›åˆ°å®¶éƒ½è¢«é™åˆ°å‰©10Mï¼Œæ·é‹å’Œå…¬å¸æ˜¯æ­£å¸¸çš„ æ‹¿è€å©†æ¯æœˆ10Gçš„ä¸­è¯è©¦ä¹Ÿä¸€æ¨£è¢«é™10M,å›åˆ°/VCL é™/VJ å‰©/VJ æ­£å¸¸/VH æ‹¿/VC ä¸€æ¨£/VH é™/VJ
269,ç”Ÿæ´»åœˆä¸­è¯oké †é †ç”¨,é †é †/VH
270,å¹¸ç¦199~ æˆ‘çˆ¸åª½éå¸¸æ»¿æ„,å¹¸ç¦/VH æ»¿æ„/VK
271,ä¸­è¯åœ¨æ–‡å¤§æ‰æ˜¯æœ€çˆ›çš„,çˆ›/VH
272,ä¸­è¯é›»ä¿¡å·²ç¶“æ”¾æ£„4Gäº†ï¼Ÿ,æ”¾æ£„/VC
273,15æ¯«ç§’ æˆ‘ä¸­è¯4Géƒ½èƒ½11æ¯«ç§’äº† é€™æ¨£çš„PINGå€¼ä¸è¡Œ! ç›®å‰çœ‹åˆ°ä¸­è¯æœ€é«˜çš„PINGå€¼ å°å“¥å¤§ç«Ÿç„¶25æ¯«ç§’!,é€™æ¨£/VH å€¼/VH ä¸è¡Œ/VH çœ‹åˆ°/VE é«˜/VH
274,ç”¨äº†è²´å…¬å¸çš„hamivideoå¤šå¹´äº†ï¼Œä¹‹å‰ä½¿ç”¨CHROMECASTæŠ•æ”¾è‡³é›»è¦–çœ‹é›»å½±éƒ½æ²’å•é¡Œï¼Œå¯æ˜¯æœ€è¿‘æœ‰å¾ˆå¤šå½±ç‰‡éƒ½ç„¡æ³•æŠ•æ”¾ ï¼Œåªèƒ½åœ¨æ‰‹æ©Ÿæ­£å¸¸æ’¥æ”¾ã€‚,ç”¨/VC ä½¿ç”¨/VC æŠ•æ”¾/VC çœ‹/VC æ²’/VJ æœ‰/V_2 æŠ•æ”¾/VC æ­£å¸¸/VH æ’¥æ”¾/VC
275,ä¸­è¯é›»ä¿¡çš„å±è‚¡è¦æ‹‰åˆ°è„«å²¡äº†æä¸å¥½åˆåœ¨ç”¨æ–¹æ¡ˆç åƒåˆ°é£½,æ‹‰åˆ°/VC ç”¨/VC ç /VC åƒ/VC é£½/VH
276,é€™æ–¹æ¡ˆæœ‰æ¯”è¼ƒå„ªå—ï¼Ÿ,æœ‰/V_2 å„ª/VH
277,åªæœ‰é å‚³ï¼Œæ‰æœ‰è·é›¢,é å‚³/VD æœ‰/V_2
278,æ›5gæ‰‹æ©Ÿå¾Œé å‚³èªªé–‹é€š5gé«”é©—1å€‹æœˆ åˆ°ç¾åœ¨ä¹Ÿæ²’çœ‹éè®Š5gç¶²è·¯é‚„è®Šæ…¢,æ›/VC èªª/VE é–‹é€š/VH é«”é©—/VC çœ‹é/VC è®Š/VG è®Šæ…¢/VG
279,é‚„æ˜¯ä¸­è¯å¥½ï¼,å¥½/VH
280,æˆ‘è¦æ­»äº†ï¼Œä»–å€‘ç”¨ä¸­è¯é›»ä¿¡ä¸€ç›´lagï¼Œä½ å€‘æ‡‚å§ï¼ï¼ï¼ä¸­è¯é›»ä¿¡å€’é–‰ï¼ï¼,æ­»/VH æ‡‚/VK å€’é–‰/VH
281,çœŸå‡çœ‹ä¾†ä¸­è¯é›»ä¿¡è »çµ¦åŠ›çš„,çµ¦åŠ›/VH
282,ä¸­è¯é›»ä¿¡ä¹Ÿæ˜¯å®Œå…¨è·‘ä¸å‹•,è·‘ä¸å‹•/VH
283,è·¨å¹´çš„ç¾å ´è¨Šè™Ÿä¹Ÿæ˜¯å¾ˆæ…˜å‘€,æ…˜/VH
284,4Gæ”¶è¨Šå°±é€™éº¼ä¸å¥½ï¼Œé‚„5G,æ”¶è¨Š/VA å¥½/VH
285,ç¾åœ¨4Gé€™éº¼æ…¢é‚„æƒ³è¦5Gå•Š,æ…¢/VH æƒ³è¦/VE
286,å°å•Š 4Géƒ½å¿«æ²’æ”¶è¨Šäº†ï¼é‚„æ¨5Gä¾†é¨™éŒ¢,å°/VH æ”¶è¨Š/VA æ¨/VC é¨™éŒ¢/VB
287,å¯æ˜¯æœ‰5Gäº†4Gæ„Ÿè¦ºç¶²é€Ÿè®Šæ…¢äº†,æœ‰/V_2 æ„Ÿè¦º/VK è®Šæ…¢/VH
288,4Géƒ½æ²’æ”¶è¨Šåæ‡‰ä¹Ÿæ²’æ”¹å–„é‚„5Gå‹’ä¸å°±æ›´æ…˜äº†å°±åªæœƒä¸€ç›´é¨™éŒ¢è€Œå·²,æ”¶è¨Š/VA æ”¹å–„/VC å‹’/VC æ…˜/VH é¨™éŒ¢/VB
289,æœ€è¿‘æ”¶è¨Šé€™éº¼å·®é‚„æ–·è¨Š,æ”¶è¨Š/VA å·®/VH æ–·è¨Š/VA
290,4Géƒ½çˆ›çˆ†äº† é‚„5Gå“ˆå“ˆå“ˆå“ˆå“ˆå“ˆ,çˆ›/VH çˆ†/VH
291,1399ä¾¿å®œã„‡ï¼Ÿ,ä¾¿å®œ/VH
292,æˆ‘åªèƒ½èª¬è¶Šä¾†è¶Šçˆ›ï¼ŒéŒ¢è¶Šæ”¶è¶Šè²´,èª¬/VE çˆ›/VH æ”¶/VC è²´/VH
293,æ­å–œå—åˆ°è¨Šè™Ÿäº†ä½†æˆ‘çš„ç¨®èŠ±é›»ä¿¡åœ¨äºŒæ¨“å°±è®“æˆ‘æ²’è¾¦æ³•åˆ·æ¨ç‰¹äº†ï¼ˆæ—©ä¸Šå¯ä»¥æ™šä¸Šä¸è¡Œï¼Œæœ‰å¤ ç¥å¥‡,æ­å–œ/VJ å—åˆ°/VJ è®“/VL æ²’è¾¦æ³•/VI åˆ·/VC ä¸è¡Œ/VH ç¥å¥‡/VH
294,ä¾¿å®œçš„å°æ˜Ÿå›‰,ä¾¿å®œ/VH
295,",ä¸­è¯çµ¦ äº†æˆ‘ç¸®æ°´é€šè©±çš„499çºŒç´„æ–¹æ¡ˆ,æˆ‘å°±ä¸æƒ³çºŒç´„äº†",çµ¦/VD ç¸®æ°´/VH é€šè©±/VB çºŒç´„/VA æƒ³/VE çºŒç´„/VA
296,myvideoçœŸçš„æ˜¯æˆ‘ç”¨éæœ€å¥½ç”¨çš„è§€å½±appï¼Œæ­¡è¿å¤§å®¶ä¸€åŒä¸‹è¼‰ä½¿ç”¨â™¥ï¸,ç”¨/VC å¥½ç”¨/VH è§€å½±/VA æ­¡è¿/VJ ä¸‹è¼‰/VC ä½¿ç”¨/VC
297,è¬›å¥½è½è‡ªå‹•å‡ç´šï¼Œå…¶å¯¦æ˜¯æƒ³ç¶ä½é«˜è³‡è²»ç”¨æˆ¶ï¼Œç¹¼çºŒæ•²ç›¤å­,è¬›/VE å¥½/VH è½/VE è‡ªå‹•/VH å‡ç´š/VH æƒ³/VE ç¶ä½/VC é«˜/VH ç¹¼çºŒ/VF æ•²/VA
298,æœˆè²»1399ä¸æ˜¯è¢«ç•¶ç›¤å­æ•²å§ğŸ§ï¼Ÿ,ç•¶/VG æ•²/VC
299,å•é¡Œåœ¨ä¸­è¯é›»ä¿¡å®šåƒ¹é«˜æ–¼4G,é«˜æ–¼/VJ
300,æœ€æ£’çš„ä¸­è¯é›»ä¿¡,æ£’/VH
301,ä¸­è¯é›»ä¿¡4Gä¸­åˆé¡¯ç¤ºæ»¿æ ¼ï¼Œçµæœæ²’ç¶²è·¯ç”¨æ¸¬é€Ÿè»Ÿé«”çœ‹ï¼Œä¸Šä¸‹å‚³éƒ½ä½æ–¼1kbä½†12:50-55å·¦å³ ç¶²è·¯åˆçªç„¶å¾©æ´»å¯ä»¥åˆ°7-8Mbè«‹å•é€™ç¨®æœ‰è§£å—QQ--,é¡¯ç¤º/VK æ²’/VJ æ¸¬é€Ÿ/VC çœ‹/VC å‚³/VD ä½æ–¼/VJ å¾©æ´»/VH åˆ°/VCL è«‹å•/VE æœ‰è§£/VH
302,ä¿¡è™Ÿå‡½è“‹å°±ä¸­è¯è€Œå·²ã€‚,
303," ä¸­è¯çš„æœˆç§Ÿè²»åªèƒ½å¾€ä¸Šä¸èƒ½å¾€ä¸‹ï¼ 699æœˆç§Ÿä¸èƒ½è¾¦499 488å°±æ›´ä¸ç”¨æƒ³äº†,æ²’æœ‰è€å®¢æˆ¶çš„ä»½ é™¤éä½ æ˜¯åˆ¥å®¶é›»ä¿¡NPä¾†ä¸­è¯é€™æ¨£å­ä½ çš„å„ªæƒ æ¢ä»¶æœƒæ¯”å¹¾åå¹´çš„ä¸­è¯è€å®¢æˆ¶å¥½",è¾¦/VC æƒ³/VE æ²’æœ‰/VJ è€/VH ä¾†/VA é€™æ¨£å­/VH å„ªæƒ /VJ è€/VH å¥½/VH
304,ä¸­è¯é›»ä¿¡æ˜¯ä¸æ˜¯æ€ªæ€ªçš„å•Š,æ€ªæ€ª/VH
305,å‰å¤©å—ä¸äº†æ¸¬äº†ä¸€ä¸‹å°å“¥å¤§ä¹Ÿæ˜¯åœ¨ç§€ä¸‹é™â€¦,å—ä¸äº†/VK æ¸¬/VC ç§€/VC
306,åŒæ¨£çš„æ¢ä»¶ï¼Œæˆ‘çš„äºå¤ªé›»ä¿¡æ‰299....,åŒæ¨£/VH
307,å¦‚æœçœŸçš„é‚„è¦å«Œçš„è©± é ‚å¤šå°±æ˜¯ç”¨å°ç£ä¹‹æ˜Ÿé‚£é¡ä»¥åƒ¹å£“è³ªçš„,å«Œ/VK å£“/VC
308,é€šè©±ä¼¼ä¹å¾ˆæ…˜,é€šè©±/VB æ…˜/VH
309,ç¶²è·¯å€’æ˜¯ä¸éŒ¯,ä¸éŒ¯/VH
310,å…¬æ•™ä¸éƒ½488å— ä½ çš„æ¯”è¼ƒè²´XD,488/VH è²´/VH
311,æˆ‘æ˜¯å°ç£å¤§ç”¨æˆ¶ ç¾åœ¨å“è³ªæ„Ÿè¦ºé‚„ä¸éŒ¯,å¤§/VH æ„Ÿè¦º/VK ä¸éŒ¯/VH
312,ç¶²è·¯è¶…ç´šä¸ç©©,ç©©/VH
313,åƒåœ¾å®¢æœä¸è½ äººèªªè©±,è½/VE èªªè©±/VA
314,åƒåœ¾ç¶²è·¯ä¸ç©©å®š,ç©©å®š/VHC
315,é ç¶²è·¯å¾ˆç³Ÿ,é /VJ ç³Ÿ/VH
316,åƒåœ¾ç¨‹å¼,
317,åƒ,
318,æˆ‘é‚„æƒ³æ”¾æ£„ä¸­è¯å‹’ æœ‰å¤ çˆ›,æƒ³/VE æ”¾æ£„/VC å‹’/VA çˆ›/VH
319,ä¸­è¯æ£’â¤ï¸,
320,ä¸­è¯å’Œäºå¤ªï¼Œéƒ½åœ¨ç©é™é€Ÿ2. 01Mçš„å¤§åœ°éŠæˆ²ï¼Œé€£3Gæ™‚ä»£å‡é€Ÿéƒ½ä¸åˆ°ï¼Œé‚„æœŸå¾…å•¥å¿«5-10å€ï¼Œ3Gæ™‚ä»£æœ€é«˜é€Ÿæ˜¯75Mï¼Œç¾åœ¨4Gæœ€ä½é€Ÿæ˜¯2.01Mï¼Œå¤§å®¶æœ‰ æ²’æœ‰è¦ºå¾—ä¸–äº‹å¦‚æ£‹ã€ä¹¾å¤è«æ¸¬ã€ç¬‘ç›¡....å¤§å®¶é‚„æ˜¯ç”¨æœ€ä¾¿å®œçš„å°±å¥½,ç©/VC ä¸/VJ åˆ°/VCL æœŸå¾…/VK å¿«/VH æœ‰/V_2 è¦ºå¾—/VK ç¬‘ç›¡/VA ä¾¿å®œ/VH å¥½/VH
321,ä¸­è¯å’Œäºå¤ªï¼Œéƒ½åœ¨ç©é™é€Ÿ2. 01Mçš„å¤§åœ°éŠæˆ²ï¼Œé€£3Gæ™‚ä»£å‡é€Ÿéƒ½ä¸åˆ°ï¼Œé‚„æœŸå¾…å•¥å¿«5-10å€ï¼Œ3Gæ™‚ä»£æœ€é«˜é€Ÿæ˜¯75Mï¼Œç¾åœ¨4Gæœ€ä½é€Ÿæ˜¯2.01Mï¼Œå¤§å®¶æœ‰ æ²’æœ‰è¦ºå¾—ä¸–äº‹å¦‚æ£‹ã€ä¹¾å¤è«æ¸¬ã€ç¬‘ç›¡....å¤§å®¶é‚„æ˜¯ç”¨æœ€ä¾¿å®œçš„å°±å¥½,ç©/VC ä¸/VJ åˆ°/VCL æœŸå¾…/VK å¿«/VH æœ‰/V_2 è¦ºå¾—/VK ç¬‘ç›¡/VA ä¾¿å®œ/VH å¥½/VH
322,ä¹Ÿçµ¦é å‚³æ´—è‡‰ï¼Œè±¡å¾µä¸­è¯è·Ÿå°å“¥å¤§æ˜¯6æœˆåŒå¤©é–‹å°ï¼Œè€Œé å‚³å»è¦åˆ°7æœˆæ‰é–‹å°,æ´—è‡‰/VA è±¡å¾µ/VK é–‹å°/VA é–‹/VA
323,å°å“¥æ ¹æœ¬ä¸æ˜¯ä¸‰é›„â€¦,
324,ä¸­è¯è¶…å¡ï¼Œæ…¢åˆ°è¦åˆ‡æˆ3Gé‚„æ¯”è¼ƒå¿«,æ…¢/VH åˆ‡æˆ/VG å¿«/VH
325,5Gè¦†è“‹ç‡å°±çœŸçš„ä¸è¡Œ,ä¸è¡Œ/VH
326,å°ç£ä¹‹æ˜Ÿä½åƒ¹é¨™äº›åƒåœ¾çª®é¬¼å°±å¤ åƒäº†,é¨™/VC å¤ /VH åƒ/VC
327,5g è¶…é³¥ é‚„è¦å¡ç†±é»åˆ†äº« é€£ç”¨4gç†±é»åˆ†äº«éƒ½ç®—æµé‡ çˆ›é€äº†,è¦/VC åˆ†äº«/VJ åˆ†äº«/VJ ç®—/VG çˆ›/VH
328,è­‰æ˜é å‚³è¨­è¨ˆçš„æ¯”è¼ƒå¥½ ğŸ‘,è­‰æ˜/VE å¥½/VH
329,å°å“¥å¤§æœ€æ…¢æœ€ä¸ç©©,æ…¢/VH ç©©/VH
330,ä¸­è¯ç›®å‰è©¦äº†å…©å¤©é«”é©—æœ€å¥½ ï¼Œæœ€ç©©,è©¦/VF é«”é©—/VC å¥½/VH ç©©/VH
331,äºå¤ªï¼šé™ªå…¬å­ç·´åŠ,é™ª/VC ç·´/VA
332,äºå¤ªå€’æ˜¯å¢åŠ ä¸å°‘.åªæ˜¯éƒ½æ²’å¢åŠ åˆ°æˆ‘å€‘å®¶é€™,å¢åŠ /VHC å¢åŠ /VHC
333,å°å“¥å¤§ä¸å®‰ï¼Œæˆ‘ä¹Ÿä¸å®‰,ä¸å®‰/VH ä¸å®‰/VH
334,ç´€éŒ„ç‰‡è²§è„Šåˆ° å¯æ‚²,è²§è„Š/VH åˆ°/VCL å¯æ‚²/VH
335,ä½å…ƒç‡å¤ªä½ç•«è³ªå¾ˆç³Ÿç³•,ä½/VH ç³Ÿç³•/VH
336,å¹¹å˜›é‚„è¨‚é–±fox+,è¨‚é–±/VC
337,ä¸­è¯å¾ˆçµ¦åŠ›,çµ¦åŠ›/VH
338,ä¸­è¯ä¸€ç›´å¾ˆå¼· ä¹Ÿå¾ˆè²´,å¼·/VH è²´/VH
339,é€™å°±æ˜¯å‘éŒ¢å•Šã€‚,å‘éŒ¢/VA
340,å°å“¥æ”¶è¨Š...NPæº–å‚™è¢«é åŒ—åˆ°æ­»,æ”¶è¨Š/VA æº–å‚™/VF æ­»/VH
341,ä¸€ç›´è¢«ç•¶ç›¤ä»”ç¹³éŒ¢ï¼ˆå¥¹ä¸­è¯çš„ï¼‰æ¯å€‹æœˆéƒ½ç¹³1399,ç•¶/VG ç¹³/VD ç¹³/VD
342,ç¨®èŠ±å‡4g,å‡/VH
343,è¦ç©é †çœ‹ï¼Œä¸­è¯æ¯”è¼ƒä¿éšª,çœ‹/VC ä¿éšª/VH
344,ä¸­è¯ç¾åœ¨ä¸Šå‚³åœ¨éé¬§å€ å¤§æ¦‚éƒ½å¯ä»¥50~60mé¬§å€å°±æ¯”è¼ƒå®¹æ˜“GG,å‚³/VD å®¹æ˜“/VH
345,HamiPay å†åº¦ç„¡æ³•ä¸‹è¼‰,ä¸‹è¼‰/VC
346,åŸæœ¬çš„è¦æŒ‰ä¸€å †æ‰èƒ½è½‰å®¢æœçœŸçš„è¶…é³¥,è½‰/VC è¶…é³¥/VJ
347,ä¸­è¯å°±æ˜¯æ¯”å…¶ä»–å®¶è²´ï¼Œå°è€å®¢æˆ¶ä¹Ÿä¸å¥½....å”‰,è²´/VH è€/VH å¥½/VH
348,ç›®å‰éƒ½ç”¨499åœ¨æ’‘ä½†ç¶²é€Ÿå¯¦åœ¨ä¸çµ¦åŠ›,æ’‘/VC çµ¦åŠ›/VH
349,ä¸­è¯é›»ä¿¡ä¸€ç›´æ²’å‹•éœé˜¿.............................å•ƒ....éƒ½æƒ³è·³åˆ°é å‚³äº†....,æ²’/VJ å•ƒ/VC æƒ³/VE è·³åˆ°/VCL
350,å°å“¥å¤§ç®—ä¸­è¦ä¸­çŸ©,ç®—/VG ä¸­è¦ä¸­çŸ©/VH
351,ä¸­è¯æˆ‘è¾¦éè©¦ç”¨å¡ å¾ˆæ…˜,è¾¦/VC æ…˜/VH
352,ä¸­è¯é‚£æ¨£çœ‹å€‹YOUTUBEå¯ä»¥ä¸€ç›´è½‰åœˆ,é‚£æ¨£/VH çœ‹/VC è½‰åœˆ/VA
353,ä¸­è¯å¥½åƒå°±æ²’é€™éº¼çœ,çœ/VH
354,äºå¤ª11çœŸçš„å¾ˆçœ,çœ/VH
355,ä»¥å‰å•ä¸­è¯é›»ä¿¡èªªæƒ³è¦è£éƒ½ä¸çµ¦è£,å•/VE èªª/VE æƒ³è¦/VE è£/VC çµ¦/VD è£/VC
356,"GtPayçš„""æ™ºæ…§ç¹³è²»""å¾ˆå¥½ç”¨",ç¹³è²»/VA å¥½ç”¨/VH
357,äºå¤ªé€™éº¼æ²’å¿—æ°£,æ²’/VH
358,Hami Pointç”¨é€”å¤šå¤š,
359,ç§Ÿmyvideoé»‘é­”å¥³2ä¾†çœ‹çˆ½,ç§Ÿ/VD çœ‹/VC çˆ½/VH
360,æ¨åœ¨å®¶çœ‹myvideo,æ¨/VC çœ‹/VC
361,ç©©å®šçš„ä¸­è¯é›»ä¿¡,ç©©å®š/VHC
362,åæ¨é éŠå¡ï¼Œè¶…å´©æ½°,æ¨/VC
363,æœ‰ä¸Šé™é‚„å«åƒåˆ°é£½?,æœ‰/V_2 å«/VG åƒ/VC é£½/VH
364,ä¸­è¯ç›¸å°ç©©å®šäº›,ç›¸å°/VH ç©©å®š/VHC
365,æ¯”å°ç£ä¹‹æ˜Ÿå·®,å·®/VH
366,ä¸­è¯åªæœ‰æ”¶è²»æ²’æœ‰å“è³ªå—ï¼Ÿ,æ”¶è²»/VD æ²’æœ‰/VJ
367,ä¸é™é€Ÿåƒåˆ°é£½é€™399é‚„ä¸ éŒ¯,é™é€Ÿ/VJ åƒ/VC é£½/VH  éŒ¯/VH
368,319é€Ÿåº¦æ¯”è¼ƒæ…¢,æ…¢/VH
369,hamié€™å€‹æ´»å‹•æŒºä¸éŒ¯çš„,ä¸éŒ¯/VH
370,çœ‹é›»å½±ç„¶å¾Œåˆæœ‰hamié»æ•¸æ‹¿çœŸçš„è »çˆ½çš„~,çœ‹/VC æœ‰/V_2 æ‹¿/VC çˆ½/VH
371,æ–°æ‰‹é•·è¼©å€‘ç„¡è…¦å­˜ä¸­è¯å•Š,ç„¡/VJ å­˜/VC
372,ç²åˆ©ç‹å°ç£å¤§çœŸçš„å¤ çˆ›,çˆ›/VH
373,äºå¤ªè¹­é£¯ä»”è¦èµ·é£›äº†,èµ·é£›/VA
374,å°å“¥å¤§åˆ°åº•é‚„æœ‰æ²’æœ‰å¿ƒæƒ³è¦ç«¶çˆ­å•Šï¼Ÿ,æœ‰/V_2 æƒ³è¦/VE ç«¶çˆ­/VA
375,å¸¸ç”¨myVideoçœ‹é›»å½±ï¼Œè²»ç”¨å…¶å¯¦ä¸æœƒå¤ªé«˜,çœ‹/VC é«˜/VH
376,ä¸­è¯åœ‹ç‡Ÿæ¯”è¼ƒå°‘åœ¨æé™é€Ÿ,åœ‹ç‡Ÿ/VH å°‘/VH æ/VC é™é€Ÿ/VA
377,æˆ‘ä¸­è¯é›»ä¿¡ä¹Ÿæœƒå¡è€¶é€™ä¸€å®šæ˜¯çµ±æˆ°,
378,MyVideoå…è²»ä¹Ÿå¾ˆå¤š,å…è²»/VH å¾ˆå¤š/VH
379,åŒæ¨myVideoä»‹é¢å¾ˆå¥½ä¸Šæ‰‹ åˆ†é¡æ»¿ç´° ä¹Ÿå¸¸å¸¸æœ‰æ¨è–¦çš„ç‰‡å–®ç„¶å¾Œå®ƒä¹Ÿæœ‰å®¶åº­æ–¹æ¡ˆ æœˆè²»æ²’æœ‰Netflixé€™éº¼é«˜ ç®—æ»¿è¦ªæ°‘çš„,æ¨/VC å¥½/VH ä¸Šæ‰‹/VA ç´°/VH æœ‰/V_2 æ¨è–¦/VC æœ‰/V_2 æ²’æœ‰/VJ é«˜/VH ç®—/VG è¦ªæ°‘/VH
380,æ¯”éå¹´å‰é‚„æ…¢,éå¹´/VA æ…¢/VH
381,æ…¢åˆ°é–ƒé€€ å·®é»æ®ºäººï¼,æ…¢/VH é–ƒé€€/VA æ®ºäºº/VA
382,äºå¤ªåˆæ”¾æ£„ï¼Œéƒ­è‘£ä½ é‚„æ˜¯æŠŠäºå¤ªè³£çµ¦æœ‰å¿ƒç¶“ç‡Ÿçš„äººå§ï¼,æ”¾æ£„/VC è³£çµ¦/VD æœ‰å¿ƒ/VL ç¶“ç‡Ÿ/VC
383,ç”¨ééƒ½èªªâ€å¹¹â€,ç”¨/VC èªª/VE
384,è³‡è²»ç¨é«˜æ‡‰è©²æ˜¯å¯ä»¥æ¥å—çš„,é«˜/VH æ¥å—/VC
385,ä¸­è¯å¾ˆè²´ä¸è€ƒæ…®,è²´/VH è€ƒæ…®/VE
386,è€å®¢æˆ¶éƒ½æ˜¯è¢«ç•¶æˆå±ä¾†çœ‹çš„ï¼Œæ²’æœ‰åƒ¹å€¼ã€‚,è€/VH ç•¶æˆ/VG çœ‹/VC æ²’æœ‰/VJ
387,é›»ä¿¡å…¬å¸æœ€ä¸æœƒç…§é¡§è€å®¢æˆ¶,ç…§é¡§/VC è€/VH
388,"è€å®¢æˆ¶ä¸ç®¡ç”¨å¹¾å¹´,å„ªæƒ æ°¸é æ¯”ä¸ä¸ŠNPä¾†çš„æ–°å®¢æˆ¶",è€/VH å„ªæƒ /VJ æ¯”ä¸ä¸Š/VJ æ–°/VH
389,æ²’æ¯”äºå¤ªé›£ç”¨å§ï¼Ÿ,é›£/VH ç”¨/VC
390,å°å“¥å¤§æœ€å¥½ä½¿,ä½¿/VL
391,é€™å€‹è²»ç‡å·²ç¶“æ¯”ä»¥å‰è¼•é¬†å¾ˆå¤šäº†,è¼•é¬†/VH
392,å°å…¶å“è³ªè¼ƒæœ‰ä¿¡å¿ƒ,æœ‰/V_2
393,ä¸è€ƒæ…®488+ç©ºæ©Ÿï¼Œè€åª½è¦ºå¾—éº»ç…©,è€ƒæ…®/VE è¦ºå¾—/VK éº»ç…©/VHC
394,å›è¦†å®Œå…¨æ•·è¡äº†äº‹,å›è¦†/VD æ•·è¡/VC äº†äº‹/VA
395,é ä»˜å¡ åªæœ‰æ‚²åŠ‡è€Œå·²,æœ‰/V_2
396,æ¯”è¼ƒæ…¢+1,æ…¢/VH
397,ä¸­è¯åƒä¸é£½,åƒ/VH é£½/VH
398,ä¸­è¯é›»ä¿¡æ–¹æ¡ˆé‚„ä¸ç”¨2700å°±å¯è²·åˆ°,è²·åˆ°/VC
399,å°å“¥å¥½åƒè·Ÿé å‚³äº”äº”æ³¢,
400,é å‚³ç›´ç‡Ÿè‡ªç‡Ÿé¸æ“‡çœ‹æ«ƒå“¡æ˜¯ä¸æ˜¯å¥½äººï¼Œè¢«é€šè¨Šè¡Œå‘éä½†ä¹Ÿè¢«ç›´ç‡Ÿå”¬çˆ›é,ç›´ç‡Ÿ/VH è‡ªç‡Ÿ/VC å‘/VD ç›´ç‡Ÿ/VH å”¬çˆ›/VA
401,çˆ½ï¼Œåˆæ˜¯ä¸­è¯è·Ÿé å‚³ä½”æœ€å¤š~!!,çˆ½/VH ä½”/VJ æœ€å¤š/VH
402,ä¸ç„¶ä¸æ›‰å¾—è¦è¢«ç¨®èŠ±å‘å¹¾å¹´äº†....,æ›‰å¾—/VK ç¨®èŠ±/VA å‘/VC
403,çºŒç´„488æ˜¯ä¸å¯èƒ½çš„ï¼Œæˆ‘ 21å¹´è€å®¢æˆ¶äº†ï¼Œæ²’æœ‰ä»»ä½•ç•™æˆ‘çš„æ„æ€,çºŒ/VA è€/VH æ²’æœ‰/VJ ç•™/VC
404,äºå¤ªæ¯”è¼ƒè½æ¼†,è½æ¼†/VH
405,æˆ‘ç”¨äºå¤ªä¹Ÿæ˜¯å¾ˆé †,é †/VH
406,ä¸­è¯ï¼Œä¸çŸ¥é“æ˜¯æˆ‘ç¶“éçš„å€åŸŸä½¿ç”¨äººç‰¹åˆ¥å¤šé‚„æ˜¯å…¶ä»–åŸå› ï¼Œå°±æ˜¯ç”¨ä¸€ç”¨çªç„¶å¾ˆé “,çŸ¥é“/VK ç¶“é/VCL ç‰¹åˆ¥/VH å¤š/VH ç”¨/VC ç”¨/VC é “/VH
407,è²·ç©ºæ©Ÿåœ¨æ‰“é…499æˆ–699éƒ½åˆ’ç®—,è²·/VC æ‰“é…/VC åˆ’ç®—/VH
408,é‚„æ˜¯ä¸­è¯å¥½ç”¨,å¥½ç”¨/VH
409,é å‚³çš„è¡¨ç¾çœŸçš„ä¸å¥½,å¥½/VH
410,ä¸­è¯æ‡‰è©²æ˜¯æœƒæœ€å¥½çš„å“è³ª,å¥½/VH
411,"ä¸æ˜¯ä¸­è¯é›»ä¿¡çš„å•é¡Œ,é»˜é»˜çš„åˆ‡å›4G,ç‚ºé€Ÿåº¦è€Œç”Ÿ,å› æ¯”è¼ƒè€Œæ­»!",åˆ‡å›/VCL ç”Ÿ/VC æ¯”è¼ƒ/VC æ­»/VH
412,ä¸­è¯ç¾åœ¨æ­»è§’è »å¤šçš„ åˆ¥ä»¥ç‚ºåœ¨å¸‚å€æœƒæ²’äº‹,å¤š/VH ä»¥ç‚º/VE æ²’/VJ
413,å¸‚å€ä¸€å †äººç”¨ä¸­è¯è‡ªç„¶æ…¢,æ…¢/VH
414,æ‰“éŠæˆ²æ‰“åˆ°ä¸€åŠä¹Ÿå¯ä»¥æ–·ç·š 4Gé‚„å¯ä»¥è®Šæˆ3G,æ‰“éŠæˆ²/VA æ‰“åˆ°/VC æ–·ç·š/VH è®Šæˆ/VG
415,å°ç£ä¹‹æ˜Ÿä¹Ÿä¸éŒ¯ èªªä¸å®šæœ‰å¤©èƒ½è¿é ­è¶•ä¸Šå–”,ä¸éŒ¯/VH æœ‰/V_2 è¿é ­è¶•ä¸Š/VA
416,æˆ‘æœ¬èº«ä¸»é–€è™Ÿæ˜¯é å‚³é›»ä¿¡ï¼Œæˆ‘æ„Ÿå—ä¸åˆ°çµ±è¨ˆè©²æœ‰çš„é«”é©—ã€‚,æ„Ÿå—/VK åˆ°/VK æœ‰/V_2 é«”é©—/VC
417,ä¸­è¯å“è³ªå‘ä¾†è¡¨ç¾ç©©å®šæœ‰å£ç¢‘,è¡¨ç¾/VC ç©©å®š/VHC æœ‰/V_2
418,é‚„åœ¨æœŸå¾…ä¸­è¯zzzZZ,æœŸå¾…/VK
419,åœ‹ç‡Ÿäº‹æ¥­ä¸æ„å¤–â€¦,åœ‹ç‡Ÿ/VH æ„å¤–/VK
420,æœ‰éŒ¢æ±ºå®šä¸€åˆ‡,æœ‰éŒ¢/VH æ±ºå®š/VE
421,ç›¤å­æ‰åœ¨é€™æ™‚å€™è¾¦5G,è¾¦/VC
422,å‚»ç“œæ‰æŠ“CHï¼Œæ‹œè¨—...ç¶äº†å¿«30å¹´ï¼Œè·‘äº† Néä»è¦ä¸åˆ°å„ªæƒ ,æŠ“/VC æ‹œè¨—/VC ç¶/VC è·‘/VA è¦/VC åˆ°/VJ å„ªæƒ /VJ
423,å°æ˜Ÿ5Gï¼ä¸‰é›„4.5G,
424,è¾¦499æ ¹æœ¬ç›¤,è¾¦/VC
425,ä¸­è¯å°±æœ€æ²’èª æ„åˆæ‘³é–€æ˜¨å¤©é‚£åœ–ç¤ºå°±æ¶ˆå¤±å¤§æ¦‚ä¸­è¯è¦ºå¾—å¤ªå¤šäººåœ¨ç­‰é€™å€‹ç°½åˆ°ï¼Œè³ºä¸åˆ°å„²å€¼çš„éŒ¢,æ²’/VJ æ‘³é–€/VA åœ–ç¤º/VC æ¶ˆå¤±/VA è¦ºå¾—/VK ç­‰/VC ç°½åˆ°/VA è³º/VC åˆ°/VC
426,è¾£äº›èªªé å‚³ç³çš„ æˆ‘çœ‹ä½ å€‘æ˜¯æ²’äº«å—éå°ç£ä¹‹æ˜Ÿå¼,è¾£/VH èªª/VE é å‚³/VH çœ‹/VE äº«å—/VJ å¼/VA
427,ä¸­è¯åœ¨ä¸‹ç­å¾Œæ¯å¤©éƒ½å¡å¾— å¾ˆæ…˜,ä¸‹ç­/VA å¡/VC æ…˜/VH
428,5Gç¶²è·¯æ’åæ˜¯1.ä¸­è¯2.é å‚³3.å°ç£å¤§4.å°æ˜Ÿä¹‹æ˜Ÿï¼Œäºå¤ªç›´æ¥å‡ºå±€!,ç›´æ¥/VH å‡ºå±€/VH
429,æˆ‘ä»¥å‰ä¹Ÿéƒ½å»ä¸­è¯é›»ä¿¡é‚£ç¨®çš„è¾¦...è¢«å‘å¾ˆå¤šå¹´æ ¹æœ¬å‚»å­,å»/VCL è¾¦/VC å‘/VD
430,é å‚³è¶…å±Œ å®¢æˆ¶å°‘äº†ä¸­è¯3ç™¾è¬ä»¥ä¸Š é »å¯¬è·Ÿä¸­è¯åªå·®10M Hz å¹³å‡ä¾†èªª é å‚³æ¯”ä¸­è¯å¿«å¤šäº†,è¶…/VJ å°‘/VH å·®/VH å¹³å‡/VH èªª/VE å¿«/VH å¤š/VH
431,ä¸­è¯+å°å“¥å¤§åˆé«” & åœ¨5Géåƒåˆ°é£½éƒ¨åˆ†æ¯”è¼ƒæœ‰å‰µæ„,åˆé«”/VA åƒ/VC é£½/VH æœ‰/V_2
432, ä¸­è¯>é å‚³>>>>>å°æ˜Ÿ>>>>>>>>>å°å“¥,
433,Hami pa,
434,Hami pa,
