"","is_context","evaltext","matches"
"1",FALSE,"蠻給力的","蠻給力的"
"2",FALSE,"爛的跟渣一樣","爛的跟渣一樣"
"3",FALSE,"爛的跟什麼一樣","爛的跟什麼一樣"
"4",FALSE,"爛的要死","爛的要死"
"5",FALSE,"爛到爆","爛到爆"
"6",FALSE,"爛到一個崩潰<U+0001F62D>","爛到一個崩潰"
"7",FALSE,"爛死了","爛死了"
"8",FALSE,"爛死了","爛死了"
"9",FALSE,"爛死了","爛死了"
"10",FALSE,"選擇多就贏了","選擇多就贏了"
"11",FALSE,"千萬別選台哥誰選誰後悔 偷限速垃圾公司","誰選誰後悔;垃圾公司"
"12",FALSE,"慢到爆欸","慢到爆欸"
"13",FALSE,"慢到靠北","慢到靠北"
"14",FALSE,"慢到快吐血","慢到快吐血"
"15",FALSE,"對老客戶一點都不照顧","對老客戶一點都不照顧"
"16",FALSE,"感覺省了不少!","感覺省了不少"
"17",FALSE,"越搞越複雜了","越搞越複雜了"
"18",FALSE,"越來越爛","越來越爛"
"19",FALSE,"很貴，越大越貴，且越賣越貴","越大越貴;越賣越貴"
"20",FALSE,"超差穩定性不予置評","超差穩定性不予置評"
"21",FALSE,"就bye了","就bye了"
"22",FALSE,"自己用起來都感覺蠻穩的就是了∼","都感覺蠻穩的就是了"
"23",FALSE,"都那麼糟糕了<U+0001F44E>","都那麼糟糕了"
"24",FALSE,"都2266了","都2266了"
"25",FALSE,"被靠北到死","被靠北到死"
"26",FALSE,"能多賺你一毛錢絕對不會客氣的","能多賺你一毛錢絕對不會客氣的"
"27",FALSE,"能多好","能多好"
"28",FALSE,"真的賺到","真的賺到"
"29",FALSE,"真的廢到笑","真的廢到笑"
"30",FALSE,"真的有夠爛","真的有夠爛"
"31",FALSE,"真的有省到","真的有省到"
"32",FALSE,"真ㄉ爛到有剩","真ㄉ爛到有剩"
"33",FALSE,"秒選","秒選"
"34",FALSE,"很給力","很給力"
"35",FALSE,"很順 也很夠看了","很夠看了"
"36",FALSE,"很夠用了","很夠用了"
"37",FALSE,"很可以","很可以"
"38",FALSE,"屌打這兩家","屌打這兩家"
"39",FALSE,"屌打中華","屌打中華"
"40",FALSE,"直接解約了","直接解約了"
"41",FALSE,"狗屎都能吃了","狗屎都能吃了"
"42",FALSE,"沒幾天就見光死了...","沒幾天就見光死了"
"43",FALSE,"我也是啼笑皆非啦！","我也是啼笑皆非啦"
"44",FALSE,"快到靠北","快到靠北"
"45",FALSE,"雖穩，但根本坑人","但根本坑人"
"46",FALSE,"有給力","有給力"
"47",FALSE,"有夠爛的","有夠爛的"
"48",FALSE,"有夠爛的= =","有夠爛的"
"49",FALSE,"搞得有夠複雜","有夠複雜"
"50",FALSE,"有夠不划算","有夠不划算"
"51",FALSE,"安心不少","安心不少"
"52",FALSE,"好康還不少","好康還不少"
"53",FALSE,"再便宜都不會買單","再便宜都不會買單"
"54",FALSE,"可以不要這麼爛嗎","可以不要這麼爛嗎"
"55",FALSE,"卡的要死","卡的要死"
"56",FALSE,"不給力","不給力"
"57",FALSE,"不是稍貴 是超貴= =","不是稍貴 是超貴"
"58",FALSE,"也夠用了","也夠用了"
"59",FALSE,"也夠用了","也夠用了"
"60",FALSE,"也太慢了吧？","也太慢了吧"
"61",FALSE,"這價格也太便宜了吧立馬看<U+0001F449>","也太便宜了吧立馬看"
"62",FALSE,"一點也不期待","一點也不期待"
"63",FALSE,"一點也不乾脆","一點也不乾脆"
"64",FALSE,"不限速卡上傳可",""
"65",FALSE,"蠻順的",""
"66",FALSE,"滿滿意的",""
"67",FALSE,"挽留",""
"68",FALSE,"可以用 但app打不開",""
"69",FALSE,"親民",""
"70",FALSE,"很吸引人",""
"71",FALSE,"太便宜我都不敢買",""
"72",FALSE,"滿格",""
"73",FALSE,"有保障",""
"74",FALSE,"比較好",""
"75",FALSE,"當當",""
"76",FALSE,"跑不動",""
"77",FALSE,"燒錢",""
"78",FALSE,"用的很爽",""
"79",FALSE,"很划算",""
"80",FALSE,"划算",""
"81",FALSE,"不降速",""
"82",FALSE,"支援",""
"83",FALSE,"比一堆攜碼的優惠還高",""
"84",FALSE,"方便",""
"85",FALSE,"網路順",""
"86",FALSE,"網路也很順",""
"87",FALSE,"超值",""
"88",FALSE,"考慮跳回中華",""
"89",FALSE,"可以",""
"90",FALSE,"不靠譜",""
"91",FALSE,"適合輕量上網的人 剛剛好",""
"92",FALSE,"比較靈活",""
"93",FALSE,"可接受",""
"94",FALSE,"一路順暢",""
"95",FALSE,"非常良好啊!!",""
"96",FALSE,"蠻穩定的",""
"97",FALSE,"不錯",""
"98",FALSE,"蠻快",""
"99",FALSE,"很爽",""
"100",FALSE,"爛",""
"101",FALSE,"很划算阿",""
"102",FALSE,"還不錯",""
"103",FALSE,"看起來滿划算的",""
"104",FALSE,"有點沒誠意...",""
"105",FALSE,"比較和",""
"106",FALSE,"比較優惠",""
"107",FALSE,"還要2990??!!",""
"108",FALSE,"做的最好的",""
"109",FALSE,"像擺爛很久了",""
"110",FALSE,"最屌的",""
"111",FALSE,"相對低",""
"112",FALSE,"較好",""
"113",FALSE,"真好!",""
"114",FALSE,"穩定好用",""
"115",FALSE,"很差",""
"116",FALSE,"貢潘阿的就算了他其實不想賣21m硬著頭皮出，就用鳥訂價對應",""
"117",FALSE,"很便宜",""
"118",FALSE,"藍色蠻美的",""
"119",FALSE,"真的很吸引人",""
"120",FALSE,"很佛~~",""
"121",FALSE,"穩穩",""
"122",FALSE,"比較慢",""
"123",FALSE,"比較好",""
"124",FALSE,"反應了也沒用",""
"125",FALSE,"很夠了",""
"126",FALSE,"完全沒有不順的感覺",""
"127",FALSE,"較穩定",""
"128",FALSE,"穩定好用",""
"129",FALSE,"這麼貴",""
"130",FALSE,"很心動",""
"131",FALSE,"也不錯",""
"132",FALSE,"省錢又省時",""
"133",FALSE,"貴了",""
"134",FALSE,"最好",""
"135",FALSE,"也不錯",""
"136",FALSE,"不錯",""
"137",FALSE,"便宜",""
"138",FALSE,"應該很扼腕！",""
"139",FALSE,"更方便",""
"140",FALSE,"感覺很讚ㄟ~",""
"141",FALSE,"遠不及兩小",""
"142",FALSE,"很方便",""
"143",FALSE,"會想哭",""
"144",FALSE,"很貴",""
"145",FALSE,"不怎麼優",""
"146",FALSE,"還行",""
"147",FALSE,"用量剛剛好",""
"148",FALSE,"便宜 但是有高延遲特性還有不穩定",""
"149",FALSE,"不錯",""
"150",FALSE,"都不俗",""
"151",FALSE,"變超慢",""
"152",FALSE,"完全沒啥必要辦",""
"153",FALSE,"很夠",""
"154",FALSE,"比488更划算",""
"155",FALSE,"又更划算",""
"156",FALSE,"很穩定",""
"157",FALSE,"收不到訊息",""
"158",FALSE,"偏貴 但是很穩定",""
"159",FALSE,"穩定",""
"160",FALSE,"很好用啊",""
"161",FALSE,"做的零零落落",""
"162",FALSE,"有屁用",""
"163",FALSE,"哪裡不行了 根本不差那點",""
"164",FALSE,"的確令人期待呢∼",""
"165",FALSE,"值得期待",""
"166",FALSE,"真的爛",""
"167",FALSE,"還是滿順的",""
"168",FALSE,"爛爆了好嗎",""
"169",FALSE,"遠輸其他兩大",""
"170",FALSE,"也是No .1",""
"171",FALSE,"確實稍弱",""
"172",FALSE,"比較看好",""
"173",FALSE,"值得期待",""
"174",FALSE,"差",""
"175",FALSE,"要加強完整點",""
"176",FALSE,"未免太誇 張了吧！",""
"177",FALSE,"有優勢!",""
"178",FALSE,"超差",""
"179",FALSE,"超差",""
"180",FALSE,"都很順",""
"181",FALSE,"爛死，連我大R團的歌都沒有也敢來",""
"182",FALSE,"不錯了啦",""
"183",FALSE,"好像也不錯的樣子",""
"184",FALSE,"挺好用的",""
"185",FALSE,"很優惠",""
"186",FALSE,"很值得",""
"187",FALSE,"崩潰",""
"188",FALSE,"太差",""
"189",FALSE,"也蠻快的",""
"190",FALSE,"太貴了",""
"191",FALSE,"還滿穩的一切正常",""
"192",FALSE,"還是 想靠北",""
"193",FALSE,"卡死",""
"194",FALSE,"飛起來了",""
"195",FALSE,"不知道出了什麼毛病",""
"196",FALSE,"真棒",""
"197",FALSE,"我覺得不錯",""
"198",FALSE,"划算",""
"199",FALSE,"比較划算吧！",""
"200",FALSE,"看了一下好像都是滿熱門的好萊塢電影有喜歡的人可以趁這時候看起來",""
"201",FALSE,"有划算啊",""
"202",FALSE,"還蠻划算的啊",""
"203",FALSE,"還算划算可以看一些影片等還算ｏｋ",""
"204",FALSE,"都很划算",""
"205",FALSE,"很優惠",""
"206",FALSE,"比較穩",""
"207",FALSE,"都很快",""
"208",FALSE,"沒什麼效用",""
"209",FALSE,"很貴",""
"210",FALSE,"好用划算",""
"211",FALSE,"真的很不錯",""
"212",FALSE,"第一名",""
"213",FALSE,"cp不錯",""
"214",FALSE,"很差",""
"215",FALSE,"不會動",""
"216",FALSE,"常常收不到或是跳3G",""
"217",FALSE,"太貴...",""
"218",FALSE,"變慢了",""
"219",FALSE,"是不想混了膩？？？？？？",""
"220",FALSE,"品質還是優於其他兩家",""
"221",FALSE,"平地山區收訊都穩定",""
"222",FALSE,"蠻划算的！",""
"223",FALSE,"不推 反映客服沒訊號只會說沒辦法",""
"224",FALSE,"好用啊",""
"225",FALSE,"超省超方便",""
"226",FALSE,"用過速度不快穩定也不高",""
"227",FALSE,"怪怪的",""
"228",FALSE,"怪怪的",""
"229",FALSE,"完全沒事",""
"230",FALSE,"優惠不錯",""
"231",FALSE,"比較便宜",""
"232",FALSE,"最好",""
"233",FALSE,"比較划算欸，比另外兩家都更便宜 些",""
"234",FALSE,"還蠻推",""
"235",FALSE,"不是很好",""
"236",FALSE,"很硬（？）",""
"237",FALSE,"已經算很便宜",""
"238",FALSE,"根本撐不到 15個月",""
"239",FALSE,"不好",""
"240",FALSE,"比不上N",""
"241",FALSE,"很糟",""
"242",FALSE,"很划算",""
"243",FALSE,"舒適",""
"244",FALSE,"不適合常常出差的 人",""
"245",FALSE,"還能不順",""
"246",FALSE,"價格也便宜",""
"247",FALSE,"多也新",""
"248",FALSE,"最多也最好用",""
"249",FALSE,"很好",""
"250",FALSE,"最好用",""
"251",FALSE,"不錯",""
"252",FALSE,"很差",""
"253",FALSE,"蠻好的",""
"254",FALSE,"蠻不錯",""
"255",FALSE,"不推",""
"256",FALSE,"強大到去日月潭都有",""
"257",FALSE,"好慢",""
"258",FALSE,"完全正常",""
"259",FALSE,"完全正常",""
"260",FALSE,"最快",""
"261",FALSE,"較不穩",""
"262",FALSE,"很 迷",""
"263",FALSE,"比較看好",""
"264",FALSE,"也不好",""
"265",FALSE,"跟亞太的一樣渣",""
"266",FALSE,"可能會比較好 吧",""
"267",FALSE,"是爆炸了喔",""
"268",FALSE,"縮水好多",""
"269",FALSE,"蠻划算的",""
"270",FALSE,"天價",""
"271",FALSE,"滿願意去申辦",""
"272",FALSE,"還挺符合我的需求",""
"273",FALSE,"麻煩",""
"274",FALSE,"大部分又都很貴",""
"275",FALSE,"突然就不是很想辦了...還以為會有更便宜更舊的款式可以選 (我不太需要太新的機型的說",""
"276",FALSE,"厲害厲害",""
"277",FALSE,"不建議",""
"278",FALSE,"很卡",""
"279",FALSE,"差",""
"280",FALSE,"都好想要",""
"281",FALSE,"印象不好",""
"282",FALSE,"價格很不錯",""
"283",FALSE,"價格可以",""
"284",FALSE,"選擇性還蠻多的，真不錯",""
"285",FALSE,"很讚！",""
"286",FALSE,"很讚！",""
"287",FALSE,"還不錯",""
"288",FALSE,"超爛",""
"289",FALSE,"比中華電信快",""
"290",FALSE,"比台哥大續約還爛",""
"291",FALSE,"差遠了",""
"292",FALSE,"打槍中華電信",""
"293",FALSE,"慢到死超爽習大便線路",""
"294",FALSE,"沒什麼問題",""
"295",FALSE,"唯一覺得好的",""
"296",FALSE,"真的很爛",""
"297",FALSE,"爽爽過",""
"298",FALSE,"更便宜",""
"299",FALSE,"一堆毛病",""
"300",FALSE,"超差",""
"301",FALSE,"太差了吧！",""
"302",FALSE,"好得多",""
"303",FALSE,"真的不錯，，比起遠傳真的好太多",""
"304",FALSE,"才不到一年就快不行了",""
"305",FALSE,"滿有吸引力的",""
"306",FALSE,"覺得被陰了",""
"307",FALSE,"很奇怪",""
"308",FALSE,"還不錯",""
"309",FALSE,"還蠻穩",""
"310",FALSE,"一整個好用",""
"311",FALSE,"划算",""
"312",FALSE,"就挺夠用的",""
"313",FALSE,"超慢",""
"314",FALSE,"馬上就卡了",""
"315",FALSE,"會想換欸",""
"316",FALSE,"還是大勝",""
"317",FALSE,"目前最完美的",""
"318",FALSE,"真的無敵",""
"319",FALSE,"划算",""
"320",FALSE,"已經不行",""
"321",FALSE,"不快",""
"322",FALSE,"太便宜也沒用了",""
"323",FALSE,"完全掛點",""
"324",FALSE,"一直轉圈圈，沒反應",""
"325",FALSE,"哇~超順完全沒有lag",""
"326",FALSE,"很靠北",""
"327",FALSE,"怪怪的",""
"328",FALSE,"變爛",""
"329",FALSE,"這樣就 (夠",""
"330",FALSE,"還OK啦",""
"331",FALSE,"在家裡的確比遠傳快",""
"332",FALSE,"就是強",""
"333",FALSE,"很差的",""
"334",FALSE,"爛",""
"335",FALSE,"應該算不錯了啦",""
"336",FALSE,"不意外",""
"337",FALSE,"越更新越爛",""
"338",FALSE,"完全跑不動",""
"339",FALSE,"持續進步",""
"340",FALSE,"會被氣死= =",""
"341",FALSE,"超久才打進去",""
"342",FALSE,"多難用",""
"343",FALSE,"不會覺得很難用啊",""
"344",FALSE,"最穩",""
"345",FALSE,"快也夠穩",""
"346",FALSE,"這最省",""
"347",FALSE,"滿不錯的",""
"348",FALSE,"超級慢",""
"349",FALSE,"真的慢炸",""
"350",FALSE,"很好用欸",""
"351",FALSE,"肯定不夠",""
"352",FALSE,"超爛",""
"353",FALSE,"超級爛",""
"354",FALSE,"有時候就會卡卡的",""
"355",FALSE,"不可思議",""
"356",FALSE,"應該會很好",""
"357",FALSE,"是怎麼一回事<U+0001F61F>",""
"358",FALSE,"正好",""
"359",FALSE,"還蠻便宜的",""
"360",FALSE,"的確就蠻好用",""
"361",FALSE,"還不錯",""
"362",FALSE,"一直卡",""
"363",FALSE,"一直卡",""
"364",FALSE,"OK",""
"365",FALSE,"真的不錯",""
"366",FALSE,"有點小小麻煩，但基本上不難",""
"367",FALSE,"更不用擔心",""
"368",FALSE,"厲害惹",""
"369",FALSE,"都好好的",""
"370",FALSE,"都好好的",""
"371",FALSE,"真的很爛 幹",""
"372",FALSE,"比台灣之星還差",""
"373",FALSE,"比中華好",""
"374",FALSE,"差不多",""
"375",FALSE,"再強還是有死角的啦",""
"376",FALSE,"最好是普遍來說",""
"377",FALSE,"怪怪的",""
"378",FALSE,"一直很不好",""
"379",FALSE,"也怪怪的",""
"380",FALSE,"大概掛了囧",""
"381",FALSE,"不好",""
"382",FALSE,"較佳",""
"383",FALSE,"比較快",""
"384",FALSE,"一直斷線",""
"385",FALSE,"有待加強",""
"386",FALSE,"偉哉",""
"387",FALSE,"比較好",""
"388",FALSE,"不算低了",""
"389",FALSE,"那麼貴",""
"390",FALSE,"還是會當機",""
"391",FALSE,"沒有比遠傳跟台灣大好~",""
"392",FALSE,"都蠻穩的",""
"393",FALSE,"不錯",""
"394",FALSE,"不貴",""
"395",FALSE,"值得辦",""
"396",FALSE,"貴爆阿",""
"397",FALSE,"根本沒人要接",""
"398",FALSE,"不好",""
"399",FALSE,"比其他幾家都好",""
"400",FALSE,"最廣",""
"401",FALSE,"高CP",""
"402",FALSE,"涵蓋最廣",""
"403",FALSE,"不錯",""
"404",FALSE,"涵蓋更廣",""
"405",FALSE,"是在哈囉",""
"406",FALSE,"時不時就會卡卡",""
"407",FALSE,"也很卡",""
"408",FALSE,"都順順的阿",""
"409",FALSE,"有點慘",""
"410",FALSE,"滿夠用了",""
"411",FALSE,"比較好",""
"412",FALSE,"還不錯",""
"413",FALSE,"很穩",""
"414",FALSE,"超難用的",""
"415",FALSE,"比中華順太多了",""
"416",FALSE,"很順",""
"417",FALSE,"根本爽到",""
"418",FALSE,"比較值得期待",""
"419",FALSE,"還不錯，片源多",""
"420",FALSE,"讚啦",""
"421",FALSE,"有點可惜",""
"422",FALSE,"也很爛",""
"423",FALSE,"比較好",""
"424",FALSE,"很卡",""
"425",FALSE,"真的都很爛",""
"426",FALSE,"超順不卡頓",""
"427",FALSE,"還好",""
"428",FALSE,"常被公幹的",""
"429",FALSE,"換了地點也一樣慢",""
"430",FALSE,"很不穩定",""
"431",FALSE,"對學生來說還沒有足夠的吸引力",""
"432",FALSE,"幹嘛不搶",""
"433",FALSE,"還不算好",""
"434",FALSE,"也不見得有人要辦",""
"435",FALSE,"很拚喔!",""
"436",FALSE,"很實用",""
"437",FALSE,"好便宜喔",""
"438",FALSE,"很划算耶",""
"439",FALSE,"最穩定",""
"440",FALSE,"滿不夠意思的",""
"441",FALSE,"真的穩+1",""
"442",FALSE,"都不錯",""
"443",FALSE,"超值",""
"444",FALSE,"划算，有-50更超值",""
"445",FALSE,"死都不退，說是送的，不退",""
"446",FALSE,"很乾脆的一 千多元全退現金 ＼( ^▽^ )／",""
"447",FALSE,"也是個不錯選擇",""
"448",FALSE,"很難找到",""
"449",FALSE,"蠻順的",""
"450",FALSE,"很順",""
"451",FALSE,"很順暢",""
"452",FALSE,"沒時差",""
"453",FALSE,"順順傳",""
"454",FALSE,"不錯",""
"455",FALSE,"太差",""
"456",FALSE,"來做4G釘子戶吧<U+0001F602><U+0001F602><U+0001F602>",""
"457",FALSE,"優惠比較少",""
"458",FALSE,"很划算",""
"459",FALSE,"<U+7A4F>",""
"460",FALSE,"是要擺爛了嗎",""
"461",FALSE,"真的廢…每晚限速",""
"462",FALSE,"斷線???",""
"463",FALSE,"比較多",""
"464",FALSE,"很蠻划算",""
"465",FALSE,"計價只有死豬價",""
"466",FALSE,"最划算",""
"467",FALSE,"應該沒有划算",""
"468",FALSE,"只推",""
"469",FALSE,"著 眼於收訊，以及網<U+5185>用<U+6237>多",""
"470",FALSE,"是被雷打到嗎<U+0001F602>",""
"471",FALSE,"好消遣",""
"472",FALSE,"兼具基地台涵蓋廣 帶出門收訊有保障",""
"473",FALSE,"也比較好",""
"474",FALSE,"這樣的作法個人覺得很正面",""
"475",FALSE,"方便又省時",""
"476",FALSE,"比較有信心",""
"477",FALSE,"也較多",""
"478",FALSE,"不需要",""
"479",FALSE,"就夠我用了",""
"480",FALSE,"太高階了我不會用啊！",""
"481",FALSE,"優惠縮水",""
"482",FALSE,"永遠是犧牲品",""
"483",FALSE,"福利很差",""
"484",FALSE,"爛爆",""
"485",FALSE,"做到啦~<U+0001F62C>",""
"486",FALSE,"超快",""
"487",FALSE,"還算可以啦",""
"488",FALSE,"超差",""
"489",FALSE,"滿超值的",""
"490",FALSE,"晚上就慢",""
"491",FALSE,"品質最為穩定",""
"492",FALSE,"都還蠻穩定",""
"493",FALSE,"都超穩",""
"494",FALSE,"收訊都不錯",""
"495",FALSE,"好很多",""
"496",FALSE,"真的超划算的",""
"497",FALSE,"還不賴",""
"498",FALSE,"不錯",""
"499",FALSE,"大 部分時間使用上都還滿意",""
"500",FALSE,"都非常好",""
"501",FALSE,"有些偏遠地區是完全沒訊號的",""
"502",FALSE,"還是最廣的",""
"503",FALSE,"一 般使用上都很穩定",""
"504",FALSE,"推推",""
"505",FALSE,"感覺也很不錯~",""
"506",FALSE,"被 PERM LOCK",""
"507",FALSE,"硬是比人家貴",""
"508",FALSE,"期待",""
"509",FALSE,"完全非必要",""
"510",FALSE,"最爛",""
"511",FALSE,"是個浪費時間",""
"512",FALSE,"是個浪費時間浪費錢的東西",""
"513",FALSE,"卡死",""
"514",FALSE,"都是陰謀啦!",""
"515",FALSE,"直接砍半，已經連續反映3年，仍未見改善",""
"516",FALSE,"不錯欸",""
"517",FALSE,"常常收不到訊號或超慢",""
"518",FALSE,"推",""
"519",FALSE,"快",""
"520",FALSE,"慢偶爾斷線",""
"521",FALSE,"北捷都OK",""
"522",FALSE,"常常沒訊號",""
"523",FALSE,"就很順",""
"524",FALSE,"只推",""
"525",FALSE,"極差",""
"526",FALSE,"就夠用了",""
"527",FALSE,"下載與看影片都很順暢",""
"528",FALSE,"想撿便宜",""
"529",FALSE,"一直斷線",""
"530",FALSE,"吃到飽又不綁約",""
"531",FALSE,"非常不好用",""
"532",FALSE,"在第一關就會被淘汰了",""
"533",FALSE,"請選",""
"534",FALSE,"優惠不錯",""
"535",FALSE,"很順暢",""
"536",FALSE,"手中台哥大門號的用戶，也該轉台了！",""
"537",FALSE,"就不用看了",""
"538",FALSE,"有推",""
"539",FALSE,"常常是唯一收得到訊號的電信",""
"540",FALSE,"也是 滿不錯的選擇",""
"541",FALSE,"最沒誠意",""
"542",FALSE,"實在不夠",""
"543",FALSE,"最好",""
"544",FALSE,"超強促銷",""
"545",FALSE,"從2014年進4G時代起就從來沒用過了==",""
"546",FALSE,"首選",""
"547",FALSE,"撿便宜",""
"548",FALSE,"就不上不下沒有便宜也沒有品質，整個很糟糕",""
"549",FALSE,"訊號超好",""
"550",FALSE,"話術太差 輸台哥大好幾年",""
"551",FALSE,"推銷好積極",""
"552",FALSE,"給人有點壓力",""
"553",FALSE,"服務真是太好了T_T",""
"554",FALSE,"感動==",""
"555",FALSE,"划算啊",""
"556",FALSE,"划算啦",""
"557",FALSE,"本身就不錯",""
"558",FALSE,"優惠不錯辦到划算",""
"559",FALSE,"真得不錯，超值!",""
"560",FALSE,"心中一直都竊喜不已！",""
"561",FALSE,"順暢",""
"562",FALSE,"順順用沒影響",""
"563",FALSE,"覺得不錯",""
"564",FALSE,"是真的蠻划算的",""
"565",FALSE,"之爛，真的沒什麼好比的",""
"566",FALSE,"省超多的",""
"567",FALSE,"都很不錯",""
"568",FALSE,"元旦到現在都穩定",""
"569",FALSE,"不錯",""
"570",FALSE,"最多",""
"571",FALSE,"較穩",""
"572",FALSE,"也好",""
"573",FALSE,"有點慢",""
"574",FALSE,"超卡",""
"575",FALSE,"也不好",""
"576",FALSE,"真的不怎麼樣",""
"577",FALSE,"跑得還蠻順的",""
"578",FALSE,"變0格智障",""
"579",FALSE,"死活就是收 不到",""
"580",FALSE,"收不到",""
"581",FALSE,"有時候會收不到",""
"582",FALSE,"還算穩定",""
"583",FALSE,"用一用突然很頓",""
"584",FALSE,"還是比較好。",""
"585",FALSE,"整體都好用",""
"586",FALSE,"都很順暢",""
"587",FALSE,"滿格一樣傳文字可以Lag…",""
"588",FALSE,"推",""
"589",FALSE,"滿格",""
"590",FALSE,"1Mbps影片很順",""
"591",FALSE,"可以順跑",""
"592",FALSE,"悲劇",""
"593",FALSE,"真的太看臉 ，臉黑的時候會想折斷sim卡",""
"594",FALSE,"我打死都不買",""
"595",FALSE,"可能就只能回中華",""
"596",FALSE,"最快",""
"597",FALSE,"比較差",""
"598",FALSE,"畫質不錯",""
"599",FALSE,"出國不能用",""
"600",FALSE,"還能不順嗎?",""
"601",FALSE,"真的不太行",""
"602",FALSE,"遠不如其它家 ，但確實是有在進步。",""
"603",FALSE,"還不錯",""
"604",FALSE,"滿用心的",""
"605",FALSE,"也蠻划算的",""
"606",FALSE,"變慢",""
"607",FALSE,"收不到",""
"608",FALSE,"推薦的",""
"609",FALSE,"cp值不錯",""
"610",FALSE,"是不是爆了?",""
"611",FALSE,"說掰掰吧",""
"612",FALSE,"合約到真的馬上走 完全不值得留戀",""
"613",FALSE,"有點不耐煩",""
"614",FALSE,"都沒有好方案留人",""
"615",FALSE,"送市話網內的人又多欸",""
"616",FALSE,"真的好",""
"617",FALSE,"聲音很小聲",""
"618",FALSE,"沒網路",""
"619",FALSE,"是在破什麼的？",""
"620",FALSE,"最近常常變很爛",""
"621",FALSE,"非常順",""
"622",FALSE,"這幾年真的做得不錯",""
"623",FALSE,"能夠接受",""
"624",FALSE,"最順",""
"625",FALSE,"你準備賠死",""
"626",FALSE,"是好用~~",""
"627",FALSE,"很方便",""
"628",FALSE,"必定會掉一格收訊",""
"629",FALSE,"中午跟下課時間會完全掛掉",""
"630",FALSE,"又堪憂了",""
"631",FALSE,"特<U+9EBD>要崩潰",""
"632",FALSE,"依然順暢",""
"633",FALSE,"蠻划算，",""
"634",FALSE,"不需千元",""
"635",FALSE,"用的還蠻習慣",""
"636",FALSE,"就好",""
"637",FALSE,"申請很方便又便宜",""
"638",FALSE,"方便得很，價格也很划算",""
"639",FALSE,"就是一個笑話",""
"640",FALSE,"很爛",""
"641",FALSE,"常常比台星還慢",""
"642",FALSE,"差",""
"643",FALSE,"都可以直接升級",""
"644",FALSE,"還要",""
"645",FALSE,"正常連線",""
"646",FALSE,"要省一點我會比較推薦",""
"647",FALSE,"不行",""
"648",FALSE,"都不太穩",""
"649",FALSE,"很爛",""
"650",FALSE,"不值得信任",""
"651",FALSE,"不值",""
"652",FALSE,"每況愈下",""
"653",FALSE,"真的雷",""
"654",FALSE,"幸好",""
"655",FALSE,"很優惠",""
"656",FALSE,"很方便又超值",""
"657",FALSE,"gan...爛",""
"658",FALSE,"穩定",""
"659",FALSE,"只有3G的速度，很慢",""
"660",FALSE,"正常",""
"661",FALSE,"會較穩",""
"662",FALSE,"實在",""
"663",FALSE,"最穩定",""
"664",FALSE,"就常破",""
"665",FALSE,"爛",""
"666",FALSE,"這兩天突然收不到訊息",""
"667",FALSE,"假",""
"668",FALSE,"GG",""
"669",FALSE,"或許還會考慮一下",""
"670",FALSE,"還算順",""
"671",FALSE,"訊號很穩定",""
"672",FALSE,"免換卡很方便",""
"673",FALSE,"很划算，有吃到飽的",""
"674",FALSE,"最方便",""
"675",FALSE,"跑得很順，不會LAG",""
"676",FALSE,"都不到3M",""
"677",FALSE,"最爛",""
"678",FALSE,"最有心",""
"679",FALSE,"去年都是第一",""
"680",FALSE,"超讚",""
"681",FALSE,"實在不行",""
"682",FALSE,"有",""
"683",FALSE,"蠻順的",""
"684",FALSE,"訊號不好",""
"685",FALSE,"都跑不動",""
"686",FALSE,"覺得很不錯。",""
"687",FALSE,"很多手機不能用，更新超級慢",""
"688",FALSE,"繼續爽用",""
"689",FALSE,"真期待",""
"690",FALSE,"開始期待",""
"691",FALSE,"蠻穩定",""
"692",FALSE,"根本很少看過超過100Mbps",""
"693",FALSE,"蠻滿意",""
"694",FALSE,"很爛",""
"695",FALSE,"免費很划算",""
"696",FALSE,"最快",""
"697",FALSE,"真的不錯快！",""
"698",FALSE,"超順",""
"699",FALSE,"齊全",""
"700",FALSE,"便宜",""
"701",FALSE,"超便宜",""
"702",FALSE,"要快",""
"703",FALSE,"要用只能用",""
"704",FALSE,"連假搶票都第一名：）",""
"705",FALSE,"真 的很棒",""
"706",FALSE,"大方",""
"707",FALSE,"才逐漸穩定",""
"708",FALSE,"很火.",""
"709",FALSE,"廈門海邊還真收得到",""
"710",FALSE,"通話125分鐘很夠用,出門訊號也夠力",""
"711",FALSE,"還有",""
"712",FALSE,"會在下半年首先兌現",""
"713",FALSE,"感覺很不錯",""
"714",FALSE,"超順",""
"715",FALSE,"3G",""
"716",FALSE,"最好",""
"717",FALSE,"免錢加減用",""
"718",FALSE,"網內免費，不限速，多了漫遊優惠",""
"719",FALSE,"差",""
"720",FALSE,"正常",""
"721",FALSE,"看個10分鐘左右就斷了",""
"722",FALSE,"超心動der…",""
"723",FALSE,"太高了",""
"724",FALSE,"有送不少通話的",""
"725",FALSE,"問題蠻多",""
"726",FALSE,"真的慢",""
"727",FALSE,"最穩",""
"728",FALSE,"家人有辦，品質不錯",""
"729",FALSE,"都還堪用",""
"730",FALSE,"很差",""
"731",FALSE,"非常不優，限制太多",""
"732",FALSE,"很卡",""
"733",FALSE,"<U+7A4F>定",""
"734",FALSE,"穩多了",""
"735",FALSE,"不考慮",""
"736",FALSE,"很垃圾",""
"737",FALSE,"好像比較好",""
"738",FALSE,"超慢",""
"739",FALSE,"真的常常沒訊號",""
"740",FALSE,"都很爛",""
"741",FALSE,"還可以",""
"742",FALSE,"好又速度快",""
"743",FALSE,"但是不知道是不是只有我跑不動",""
"744",FALSE,"最近真的很糟糕",""
"745",FALSE,"更優惠的方案",""
"746",FALSE,"遠傳有限速，千萬別跳過去",""
"747",FALSE,"最多",""
"748",FALSE,"有限流量",""
"749",FALSE,"目前覺得最划算的",""
"750",FALSE,"比較推",""
"751",FALSE,"多",""
"752",FALSE,"還不香嗎",""
"753",FALSE,"評價不錯的樣子",""
"754",FALSE,"都好慢",""
"755",FALSE,"都很順",""
"756",FALSE,"台南中華電信真的訊號很差我在租屋處網路爛到跟男友講電話會延遲10秒以上",""
"757",FALSE,"氣死==",""
"758",FALSE,"不好",""
"759",FALSE,"太爛",""
"760",FALSE,"差",""
"761",FALSE,"沒",""
"762",FALSE,"就是爽∼",""
"763",FALSE,"不行",""
"764",FALSE,"不太吸引人",""
"765",FALSE,"沒佛過吧...",""
"766",FALSE,"蠻鳥的",""
"767",FALSE,"最爛的",""
"768",FALSE,"就是順",""
"769",FALSE,"比其業者好",""
"770",FALSE,"滿好連到",""
"771",FALSE,"投入蠻多",""
"772",FALSE,"用起來是比其他家
都還快",""
"773",FALSE,"最快",""
"774",FALSE,"純噓",""
"775",FALSE,"刮目相看",""
"776",FALSE,"穩定用",""
"777",FALSE,"常收不到",""
"778",FALSE,"非洲",""
"779",FALSE,"實在慘不忍睹",""
"780",FALSE,"山上山下都快",""
"781",FALSE,"還不錯",""
"782",FALSE,"我覺得蠻夠用的阿",""
"783",FALSE,"算不錯了啊",""
"784",FALSE,"真的爛爆",""
"785",FALSE,"就好啦",""
"786",FALSE,"再濫",""
"787",FALSE,"有這麼多選擇不錯啊",""
"788",FALSE,"最快",""
"789",FALSE,"用起來還可",""
"790",FALSE,"CP值高",""
"791",FALSE,"家裡收訊是不錯，反而在公司都只剩3G",""
"792",FALSE,"都不錯",""
"793",FALSE,"蠻方便",""
"794",FALSE,"輕鬆飆1.1Gbps",""
"795",FALSE,"相比同業積極很多",""
"796",FALSE,"蠻看好中華5G 的未來發展",""
"797",FALSE,"還不錯",""
"798",FALSE,"最看好",""
"799",FALSE,"5G只信中華",""
"800",FALSE,"五g只信亞太",""
"801",FALSE,"在文大才是最爛的",""
"802",FALSE,"有5G但只有一次成功跑5G(6xxm)，其餘都是LTE...",""
"803",FALSE,"超級爛",""
"804",FALSE,"也不錯",""
"805",FALSE,"其他地方都很快，只有在地下室，超級爛！！！訊號會直接不見",""
"806",FALSE,"最棒的就是回新竹一樣有訊號",""
"807",FALSE,"他x的多讓我很惱",""
"808",FALSE,"好",""
"809",FALSE,"好",""
"810",FALSE,"還很爭氣,平均網速比中華好多了！",""
"811",FALSE,"不是得雙NP才能辦嗎.要跑門市太麻煩了",""
"812",FALSE,"穩定",""
"813",FALSE,"常常有時候網路都沒訊號",""
"814",FALSE,"真的好差",""
"815",FALSE,"炸掉",""
"816",FALSE,"最好",""
"817",FALSE,"穩如泰山",""
"818",FALSE,"不錯也便宜",""
"819",FALSE,"很爛",""
"820",FALSE,"少，又是魚尾，把消費者當小孩唬？",""
"821",FALSE,"死角，連speedtest都跑不出來",""
"822",FALSE,"超卡，慢到要切成3G還比較快",""
"823",FALSE,"比較厲害啦",""
"824",FALSE,"也最大",""
"825",FALSE,"太爛",""
"826",FALSE,"OK",""
"827",FALSE,"很期待",""
"828",FALSE,"轉圈圈",""
"829",FALSE,"真的很方便",""
"830",FALSE,"好囉嗦",""
"831",FALSE,"質感不錯",""
"832",FALSE,"也不錯<U+8AAC>",""
"833",FALSE,"太吸引人了吧",""
"834",FALSE,"收不到",""
"835",FALSE,"很順",""
"836",FALSE,"很少有斷網情形發生",""
"837",FALSE,"雞肋",""
"838",FALSE,"比之前中華469的21M好",""
"839",FALSE,"都ok",""
"840",FALSE,"被限速了",""
"841",FALSE,"不好",""
"842",FALSE,"都很差",""
"843",FALSE,"很滿意沒話說嘴",""
"844",FALSE,"8想再花大錢被騙惹",""
"845",FALSE,"比較有保障",""
"846",FALSE,"好",""
"847",FALSE,"收訊ok",""
"848",FALSE,"順暢",""
"849",FALSE,"很好",""
"850",FALSE,"比較期待",""
"851",FALSE,"有限制上 量容量",""
"852",FALSE,"讓人每月上到幾T",""
"853",FALSE,"限速",""
"854",FALSE,"多",""
"855",FALSE,"很積極很努力",""
"856",FALSE,"完全不考慮",""
"857",FALSE,"比較快",""
"858",FALSE,"CP值還滿高的",""
"859",FALSE,"混",""
"860",FALSE,"最多",""
"861",FALSE,"還蠻穩定的",""
"862",FALSE,"個人還蠻期待開台",""
"863",FALSE,"爛",""
"864",FALSE,"選擇多",""
"865",FALSE,"太貴了",""
"866",FALSE,"大",""
"867",FALSE,"變慢了",""
"868",FALSE,"最好",""
"869",FALSE,"最差",""
"870",FALSE,"沒有號稱的那麼強",""
"871",FALSE,"不怎麼樣",""
"872",FALSE,"比中華差很多",""
"873",FALSE,"比較好一點",""
"874",FALSE,"和直營門市前後不一態度搞得很美送",""
"875",FALSE,"沒有覺跑不動",""
"876",FALSE,"佛心來的",""
"877",FALSE,"混",""
"878",FALSE,"不錯",""
"879",FALSE,"老客戶跟本是屁一樣",""
"880",FALSE,"真的不把老客戶當人看呀",""
"881",FALSE,"秒斷秒連",""
"882",FALSE,"比中華 強",""
"883",FALSE,"比較快",""
"884",FALSE,"真實不降速",""
"885",FALSE,"很嚴重",""
"886",FALSE,"獲利新寵兒",""
"887",FALSE,"比台哥強丫",""
"888",FALSE,"比台哥<U+7A4F>",""
"889",FALSE,"死豬價",""
"890",FALSE,"比較多",""
"891",FALSE,"很不穩定",""
"892",FALSE,"普通沒到差",""
"893",FALSE,"好像很差",""
"894",FALSE,"普遍不錯",""
"895",FALSE,"不好",""
"896",FALSE,"都不會太差",""
"897",FALSE,"還是有點高",""
"898",FALSE,"比較穩定",""
"899",FALSE,"不管搜尋什麼都很快",""
"900",FALSE,"很好的",""
"901",FALSE,"ok",""
"902",FALSE,"變好",""
"903",FALSE,"不是很穩定",""
"904",FALSE,"最貴",""
"905",FALSE,"不吸引",""
"906",FALSE,"強",""
"907",FALSE,"只要188",""
"908",FALSE,"當然選",""
"909",FALSE,"最多",""
"910",FALSE,"最近開始都會有些延遲",""
"911",FALSE,"可以參考",""
"912",FALSE,"不夠意思",""
"913",FALSE,"真的不錯用",""
"914",FALSE,"穩定",""
"915",FALSE,"超順完全沒有lag",""
"916",FALSE,"真的不好",""
"917",FALSE,"昂貴",""
"918",FALSE,"多",""
"919",FALSE,"還可以",""
"920",FALSE,"比起各家較有優勢",""
"921",FALSE,"超級 爛",""
"922",FALSE,"爛",""
"923",FALSE,"沒問題",""
"924",FALSE,"塞得 很慘",""
"925",FALSE,"期待",""
"926",FALSE,"蠻有心的",""
"927",FALSE,"比較快且有感差異",""
"928",FALSE,"爛透了",""
"929",FALSE,"蠻穩的",""
"930",FALSE,"刁",""
"931",FALSE,"不錯",""
"932",FALSE,"比較有保障",""
"933",FALSE,"超級划算",""
"934",FALSE,"最快",""
"935",FALSE,"那麼爛",""
"936",FALSE,"超沒競爭力的",""
"937",FALSE,"廢到笑",""
"938",FALSE,"穩定超便宜的",""
"939",FALSE,"很好用",""
"940",FALSE,"最好",""
"941",FALSE,"挺期待",""
"942",FALSE,"值得期待",""
"943",FALSE,"真的讓人驚豔",""
"944",FALSE,"這麼差",""
"945",FALSE,"山郊區還是首推",""
"946",FALSE,"我Pass",""
"947",FALSE,"很期待",""
"948",FALSE,"就是爛",""
"949",FALSE,"快多了",""
"950",FALSE,"很奇怪",""
"951",FALSE,"比較好",""
"952",FALSE,"還不錯欸沒有LAG問題",""
"953",TRUE,"講好聽自動升級，其實是想綁住高資費用戶，繼續敲盤子","繼續敲盤子"
"954",TRUE,"本人今年9月去中華辨1399元5g方案，可是一直沒有5g可以用；去問客服一直要我等。一定會有5g去門市問說年底就會有了在 新竹的湖口工業區，問800客服說要等3年到底那個準；用5g資費卻只有4g的網路，朋友叫我去消保官申訴。請問有用嗎？本人是 在新竹湖口，新竹市和竹北市也有都了。本來家中的巷口有5g，最近又沒有了；繳心酸的","繳心酸的"
"955",TRUE,"與其辦這個 不如等亞太11元方案","與其辦這個 不如等亞太11元方案"
"956",TRUE,"敲碗等中華","敲碗等中華"
"957",TRUE,"可惜話術太差 輸台哥大好幾年 高階機分潤越來越差 中華都不主打哀鳳了","越來越差;都不主打哀鳳了"
"958",TRUE,"到幾年前3G要升級成4G時；同樣1G流量的合約， 新申辦/攜碼只要299；我老客戶硬是要399！ 打電話去溝通了很久最後才幫我減免成333，從那次後我就開始跳來跳去。 之前我直接在門市跟店員說：「反正老客戶就是廢物，永遠比不上新客戶。」 店員直接說不出話。想了很久才擠出：「可是老客戶免高額預繳金啊！」 我直接跟他說：「我手機都買空機了，有什麼預繳金要繳！」 當時真的覺得這個市場都有病！","都買空機了"
"959",TRUE,"你們家都耗費多少年的光陰了，依然未上架！","都耗費多少年的光陰了"
"960",TRUE,"台哥收訊...NP準備被靠北到死","被靠北到死"
"961",TRUE,"純噓台哥","純噓台哥"
"962",TRUE,"真假看來中華電信蠻給力的","真假看來中華電信蠻給力的"
"963",TRUE,"如果你是股民 當然秒選獲利王 如果你想要網速....","秒選獲利王 如果你想要網速"
"964",TRUE,"台哥能拿???狗屎都能吃了","狗屎都能吃了"
"965",TRUE,"垃圾網路不穩定","垃圾網路不穩定"
"966",TRUE,"垃圾程式","垃圾程式"
"967",TRUE,"垃圾客服不聽 人說話","垃圾客服不聽"
"968",TRUE,"亞太倒是增加不少.只是都沒增加到我們家這","亞太倒是增加不少"
"969",TRUE,"我要死了，他們用中華電信一直lag，你們懂吧！！！中華電信倒閉！！","我要死了"
"970",TRUE,"我OK，你先辦~~ 5G暫時沒鳥用，只有嘗鮮的人炫耀用的","我OK，你先辦"
"971",TRUE,"我OK，你先來。","我OK，你先來"
"972",TRUE,"恭喜受到訊號了但我的種花電信在二樓就讓我沒辦法刷推特了（早上可以晚上不行，有夠神奇","有夠神奇"
"973",TRUE,"我的網路沒了才一天而已有夠少","有夠少"
"974",TRUE,"目前都用499在<U+6491>但網速實在不給力","目前都用499在<U+6491>但網速實在不給力"
"975",TRUE,"選擇遠傳下場就是『只有遠傳沒有訊號』！","只有遠傳沒有訊號"
"976",TRUE,"只有遠傳，才有距離！","只有遠傳，才有距離"
"977",TRUE,"只有遠傳，才有距離","只有遠傳，才有距離"
"978",TRUE,"只有遠傳 沒有訊號","只有遠傳 沒有訊號"
"979",TRUE,"-只有遠傳 沒有訊號-","只有遠傳 沒有訊號"
"980",TRUE,"月費1399不是被當盤子敲吧<U+0001F9D0>？","月費1399不是被當盤子敲吧"
"981",TRUE,"勿忘499之亂「反中華電信其中一個原因」","勿忘499之亂"
"982",TRUE,"中華很給力","中華很給力"
"983",TRUE,"亞太真的值得499月費嗎，基地台建的不多，感覺168不限速也太貴，要辦499感覺中華比較值得，遠傳辦211就夠了","也太貴"
"984",TRUE,"身為台哥大用戶看到台哥也有獎就知道這分析八成笑話","八成笑話"
"985",TRUE,"台星的態度就是在等宿主台哥，逸以待勞，準備寄生。",""
"986",TRUE,"中華、遠傳，蓋一座拆一座",""
"987",TRUE,"幹<U+22EF><U+22EF><U+22EF> 過兩個月續約我要換中華",""
"988",TRUE,"用過後，全台整體訊號都不錯的還是基地台最多的中華",""
"989",TRUE,"不知道換成中華會不會好一點",""
"990",TRUE,"南橫公路從梅山口到長春祠只有中華電信有訊號",""
"991",TRUE,"中華電信怎麼不是8G，還在搞4G",""
"992",TRUE,"不知道多少台星LM的用戶在搖頭",""
"993",TRUE,"建議選中華 不然別家晚上自動限速就夠你受",""
"994",TRUE,"不要中華，要佔頻寬去別家比較便宜^_^",""
"995",TRUE,"這年頭還有人在用1399，難怪中華賺飽飽沒在怕",""
"996",TRUE,"中華沒有讓我失望拿到最多接下來就是等六月開台了首波觀望OK的話會想辦",""
"997",TRUE,"與其1門中華無限速 我寧願辦4家4門有限速吃到飽",""
"998",TRUE,"無論高山、峽谷都不會沒訊號",""
"999",TRUE,"亞太當然不用說，當地沒門市也沒人辦",""
"1000",TRUE,"你看看中華電信吃到飽 有限制客人上網流量嗎? 玩不起就不要推出吃到飽",""
"1001",TRUE,"HTML5遊戲：你連我都跑不動了還要跑雲端",""
"1002",TRUE,"中華>>>遠傳>>>>>>>>>台星>>>>>>台哥>>>>亞太",""
"1003",TRUE,"盤子沒差 繼續用台哥",""
"1004",TRUE,"專心經營電商吧， 獲利王。終生不用台胎",""
"1005",TRUE,"上次也是來電”提醒”合約將到期，”好心” 提醒我提前續約可以拿到699吃到飽，不然就會變回799喔",""
"1006",TRUE,"繳1399吃到飯熱點還要被降速比4G慢鬼才轉5G",""
"1007",TRUE,"一生一次的亞太 無收訊 沒網路 再便宜也無用--",""
"1008",TRUE,"又不來促銷一下等很久",""
"1009",TRUE,"從胎哥跳台星 爽用",""
"1010",TRUE,"懶得試用就選中華穩妥一點",""
"1011",TRUE,"台哥不推",""
"1012",TRUE,"中華普遍穩",""
"1013",TRUE,"台星看地區",""
"1014",TRUE,"中華室內可能會連收都收不到",""
"1015",TRUE,"當然是中華",""
"1016",TRUE,"中華>台星>>>>>>>>>台哥",""
"1017",TRUE,"方便又迅速！
Good!",""
"1018",TRUE,"你到底在不在意通話分鐘？在意的話別把把遠傳3 19拉進來討論",""
"1019",TRUE,"覺得myvideo比較好用",""
"1020",TRUE,"不推中華+1一進房間直接跳沒有訊號^_^",""
"1021",TRUE,"中華也不好",""
"1022",TRUE,"想早點體驗5G網 路的話就得準備不少的銀彈了。",""
"1023",TRUE,"還好台灣之星有撐住<U+0001F601><U+0001F601>",""
"1024",TRUE,"這一千多億如能拿來增設及優化4G基地台讓涵蓋率提升增加上網體驗會不會比新建5G更好呢？",""
"1025",TRUE,"打電話去中華電信 客服看她們有什麼方案？第一個客服說她看不到我過去幾個月的用量，直接建議我用999方案。我問她有沒有便宜一點的？她說有79 9。我打去台灣大哥大客服，她們直接說499不降速。會馬上請客服吧Sim卡和合約書用黑貓寄給我。 我又打回中華電信看有沒有 得商量，她說要請示主管。一小時後有人打來了，中華電信給20年VIP老客戶最好的方案是599，然後再談她說可以再送第一年每 月100元通話費.....第二年呢？她說抱歉了...吃定老客戶的忠誠度！ 大家一起Bye bye吧中華電信....",""
"1026",TRUE,"才$499吃到飽不降速你就滿足囉~~~那如果你知道台哥大遠傳已經很多$299吃到飽不降速不知道作何感想~~~",""
"1027",TRUE,"才$499吃到飽不降速你就滿足囉~~~那如果你知道台哥大遠傳已經很多$299吃到飽不降速不知道作何感想~~~",""
"1028",TRUE,"中華的主力應該都是軍公教吧 它們只有軍公教專案，其他才不鳥你咧",""
"1029",TRUE,"為什麼你會覺得台哥大499吃到飽算很便宜<U+0001F914><U+0001F914>",""
"1030",TRUE,"收不到訊號，給你吃到撐也沒用。",""
"1031",TRUE,"收不到訊號，給你吃到撐也沒用。",""
"1032",TRUE,"先別急著續約中華499我相 信台哥大與遠傳肯定會對價格出奇招!",""
"1033",TRUE,"但必須每6個月儲值1 00才能保留續用,而且出國還沒辦法漫游",""
"1034",TRUE,"不限速的4G都做不到",""
"1035",TRUE,"永遠都不會達到標準值，當初4G也是這樣吹牛B",""
"1036",TRUE,"競標是市場機制，收費就變成不是了。還是亞太聰明，專攻通話，4G上網就好",""
"1037",TRUE,"菁英版升級10之後感覺問題好多，700mh z似乎也被鎖起來了...除了台星跟中華沒影響之外其他電信都很大",""
"1038",TRUE,"我天天看著她對手機咆哮",""
"1039",TRUE,"眾網友表示︰山腳下找找看？",""
"1040",TRUE,"眾網友表示︰山腳下找找看？",""
"1041",TRUE,"如意卡門號辦了十幾年。好康完全用不到。",""
"1042",TRUE,"中華跟台星組合可說我常去山區運動沒遇到沒收迅的",""
"1043",TRUE,"中華配上台星不怕遇到沒收迅",""
"1044",TRUE,"修得快好過沒修",""
"1045",TRUE,"中華除非辦愛鳳不然真的很盤",""
"1046",TRUE,"台哥跟中華我覺得有用心在用啦，其他家...不知道",""
"1047",TRUE,"469限速吃到飽就滿夠用了",""
"1048",TRUE,"以前爆幹快但最近有點慢",""
"1049",TRUE,"帶你龜速上山下海",""
"1050",TRUE,"都市之中.台灣之星已足以擺平矣!!",""
"1051",TRUE,"哪裡平均不錯?可以告訴我嗎?",""
"1052",TRUE,"一向給人感覺良好，，就是沒什麼優惠促銷活動。。。",""
"1053",TRUE,"他還嘴我的手機要換的，--馬的--",""
"1054",TRUE,"同時，旁邊的一位年輕人 一坐下就直接說：「我在網路上看到你們488的方案，你們有首年-50跟專員推薦嗎？」接著就是專員的打太極，表明沒有之後他就 離開了，大概去下一間跑大地吧xd旁邊的男經理看他一出去馬上就跟專員小姐說：「阿你在網路上看到388你不會在網路上辦喔？」 老實說還有其他客人在的情況下講這麼大聲我覺得觀感挺不好的，畢竟那個年輕人態度也沒有很差。",""
"1055",TRUE,"中華很順",""
"1056",TRUE,"還是中華電信好，，大廠牌有保障，，不像遠傳",""
"1057",TRUE,"要上網就是中華,",""
"1058",TRUE,"你覺得亞太的全速能跟中華的全速比",""
"1059",TRUE,"如果市話打很多的話，可以加 辦市話好便宜，月租99元，市話每3分鐘1.3元",""
"1060",TRUE,"我要謹記4G教訓不付5G的錢然後連2G都收不到。中華遠傳跟台哥大都一樣更不用講一堆什麼亞太之類的。",""
"1061",TRUE,"網路真的掛了，好在我還有台星",""
"1062",TRUE,"亞太11啊",""
"1063",TRUE,"亞太11",""
"1064",TRUE,"亞太加購$30那個",""
"1065",TRUE,"預付卡去台哥大",""
"1066",TRUE,"選擇中華預付卡，也是著 眼於收訊，以及網<U+5185>用<U+6237>多。",""
"1067",TRUE,"中華很貝戈戈的地方：都吃到飽了誰還會用WIFI…",""
"1068",TRUE,"下次看到一定通知刁民們一起去拆掉！中華、遠傳，蓋一座拆一座",""
"1069",TRUE,"在台中，遠傳超過100mbps的地點也就市中心而已，哪裡容易",""
"1070",TRUE,"在 iPadOS 寫 video app 但不支援 airplay + apple tv 是否很難？因為 Hami Video 做到啦~<U+0001F62C>",""
"1071",TRUE,"好多了",""
"1072",TRUE,"爛 只想用人家建設好的 不想花錢 種花好多了",""
"1073",TRUE,"我中華電信也是 晚上就慢",""
"1074",TRUE,"家中或室內上網還是以固網品質最為穩定，所以我是家裡用光世代，外出才用中華行動上網",""
"1075",TRUE,"同一支手機在萬華家跟樹林公司訊號，比之前的台哥大好很多，家 裡的亞太都比台哥大好，在家台灣之星也不好。",""
"1076",TRUE,"但如果中華電信收訊差，其他電訊也不會好到哪裡，總之使用體 驗還是不錯的。",""
"1077",TRUE,"……都一樣價錢的話 看也知道選中華",""
"1078",TRUE,"之前用FOX+到決賽都卡死 希望限中華後好點",""
"1079",TRUE,"都是陰謀啦! 當中華調高資費時其他電信一起跟進，等中華賺飽了，又降資費跟同行廝殺，在哪裡喊沒賺錢，根本就是他賺最多",""
"1080",TRUE,"誰敢辦台星我一個一個抓出來",""
"1081",TRUE,"台哥大捷運沒有+1，種花好一些",""
"1082",TRUE,"種花最近感覺滿種花的耶",""
"1083",TRUE,"種花感覺好兩極",""
"1084",TRUE,"要求網速可以換遠傳 想撿便宜可以續約台哥",""
"1085",TRUE,"這個看起來倒像488的升級版，還有購機折價，感 覺挺划算的。",""
"1086",TRUE,"在福澳港及介壽村等人多密集區，台星上網及打電話都是很順暢的。除非到一般南竿比較偏僻的地方，才會有收 訊不良情況發生",""
"1087",TRUE,"台哥設備用的比遠傳差",""
"1088",TRUE,"但是台哥大既沒有中華廣泛的基地台，也沒有兩小電信的高CP值，遠傳至少還有LM 可以在雙11出來應戰",""
"1089",TRUE,"至於遠傳跟台哥大......從2014年進4G時代起就從來沒用過了==收訊沒中華好，促案沒二小殺",""
"1090",TRUE,"網路品質來說中華>遠傳>Others",""
"1091",TRUE,"以資費 來說亞太>台星>Others",""
"1092",TRUE,"整體平衡我會首選中華再不然撿便宜也是台星台哥就不上不下沒有便宜也沒有品質，整個很糟糕",""
"1093",TRUE,"中華電信的店員用服務贏了一個用戶",""
"1094",TRUE,"之前用過台灣之星4G，到期立馬換回中華",""
"1095",TRUE,"約一到 一定要換中華電信",""
"1096",TRUE,"之前中華有時候會收不到，現在遠傳還算穩定",""
"1097",TRUE,"用中華，打遊戲看影片都很順暢!",""
"1098",TRUE,"3GB以內用量 亞太11都很適合 而且他的流 量包沒用完還可以延遞一次 如果你真的要選亞太99而那你不如NP台哥大新朋友",""
"1099",TRUE,"亞太這時間點不是 11 就是 88 吧，怎麼會考慮 99",""
"1100",TRUE,"補上一堆新號碼可選，啊∼手好癢！哈∼",""
"1101",TRUE,"台星的可以 其他的就算了",""
"1102",TRUE,"只選市區台星188&88，郊區LM111",""
"1103",TRUE,"台星188不限速，人口稠密的市區CA後下行只有37M... 我覺得台星不限速已經玩到像威寶3G時代的13M...",""
"1104",TRUE,"這週亞太優惠$88 8G 超過流量限速3m還錯，家人已辦",""
"1105",TRUE,"中華電信怎麼才給5Gb",""
"1106",TRUE,"中華電信幫幫忙好不好",""
"1107",TRUE,"用mod比itunes還順",""
"1108",TRUE,"生活圈跟住家台北是遠傳比較好高雄則是台星",""
"1109",TRUE,"pi幣拿去折抵中華電信月租費也蠻划算的",""
"1110",TRUE,"就直接跟臺哥說掰掰吧，去中華去遠傳什麼都好",""
"1111",TRUE,"中華電信真的好，，合約到期趕緊移回中華電信，，不想再當冤大頭了。。。",""
"1112",TRUE,"台哥大 今晚好一點 十場斷一兩場",""
"1113",TRUE,"中華電信再忽視老用戶就決定跳槽了",""
"1114",TRUE,"會 如此 爛",""
"1115",TRUE,"不但一樣資費原本內容以外的優惠有增加更多優惠給顧客還沒有調漲呢！原本網外通話增加免費以外吃到飽的部分都沒有變",""
"1116",TRUE,"老客戶都不友善",""
"1117",TRUE,"friday影音",""
"1118",TRUE,"我家實在不行",""
"1119",TRUE,"白天大約30m 晚上會自動減速 慢到1m不到 然後 台星白天20m 晚上也大約15-20m左右 我是在我家測的...我之後 打死不辦台哥",""
"1120",TRUE,"中華>遠傳>台哥大>台星",""
"1121",TRUE,"除了中華 誰還要再NP回來",""
"1122",TRUE,"超過以後10M比起以前辦的中華超盤學生專案5xx好多了每個月5G 降速還只有128kps 連line都打不出去",""
"1123",TRUE,"都破200，到現在還有很多家10幾M",""
"1124",TRUE,"YT順順看",""
"1125",TRUE,"通信約第一年388就給網路吃到飽了",""
"1126",TRUE,"真的只有87才會用",""
"1127",TRUE,"中華就不能對老客戶好一點就一付不想理的樣子",""
"1128",TRUE,"期限快到前他會叫你打電話給別人來延長門號使用期限",""
"1129",TRUE,"手機費從破千變299",""
"1130",TRUE,"都跑不動",""
"1131",TRUE,"中華跟台星都跑不動",""
"1132",TRUE,"逼你換5G就跟當年ADSL降速逼你換光纖一樣",""
"1133",TRUE,"兩家的速度都不如中華和遠傳，",""
"1134",TRUE,"也能認真一點別老是不把老客戶當成一回事",""
"1135",TRUE,"整體屌打其他家",""
"1136",TRUE,"偷盡速到受不了",""
"1137",TRUE,"我最後也是違約金付了",""
"1138",TRUE,"還有299無限速吃到飽",""
"1139",TRUE,"下課下班之後都會這樣，太多人用了",""
"1140",TRUE,"原本一個月799元只有9GB流量，現在換成699吃到飽不限速，感覺很爽！[emo13]",""
"1141",TRUE,"亞太還是比台星好 ^_^",""
"1142",TRUE,"堂姐說在中華辦吃到飽 手機八千有找，讓超心動der…",""
"1143",TRUE,"再不然就是選中華4G",""
"1144",TRUE,"我是覺得有送不少通話的中華不限速吃到飽488-499很極限了",""
"1145",TRUE,"最近也在考慮要用遠傳還是種花的，不過最近5G剛開臺，4G網路都有點變慢的感覺",""
"1146",TRUE,"隔壁的人用台星還比我用的中華順",""
"1147",TRUE,"中華>遠傳>>>>>>>>台哥",""
"1148",TRUE,"我在臺中速度也超慢",""
"1149",TRUE,"可是我中華最近也很卡欸",""
"1150",TRUE,"跳中華換<U+7A4F>定",""
"1151",TRUE,"中華電信不考慮",""
"1152",TRUE,"中華跳台哥大再跳遠傳，我推台哥大",""
"1153",TRUE,"用過亞太 你就知道三大的好呵呵亞太連電話都打不通",""
"1154",TRUE,"亞太真的台灣之星以下，連調侃都懶w",""
"1155",TRUE,"台灣之星反正訊號都很爛 不如選個便宜的",""
"1156",TRUE,"攜碼學專 688(30) 是最優選",""
"1157",TRUE,"中華電信跟台哥大都有販售華為通訊設備的前科",""
"1158",TRUE,"中華電信跟台哥大都有販售華為通訊設備的前科",""
"1159",TRUE,"遠傳最近LM評價不錯的樣子",""
"1160",TRUE,"我中華都很順",""
"1161",TRUE,"你有考慮到用亞太的心聲嗎",""
"1162",TRUE,"快被中華氣死==",""
"1163",TRUE,"中華電信只給我一年免費的VOWiFi打發我了事 操 然後我家沒固網 操",""
"1164",TRUE,"不限速可是我續約之後都覺得很慢...",""
"1165",TRUE,"連玩coin master都會斷線的電信我真的不知道要說什
麼",""
"1166",TRUE,"每家都有表現差的狀況，就是看環境適合誰囉，我生
活圈台哥就是順",""
"1167",TRUE,"不過遠傳這次拿雙冠真的
有讓人刮目相看",""
"1168",TRUE,"中華電信5G有在建設？？出門連到5G的機會還是不到1/
10",""
"1169",TRUE,"台哥",""
"1170",TRUE,"遠傳真的屌打中華大家趕快跳槽中華辦遠傳",""
"1171",TRUE,"最近遠傳是不是故意降速啊…想誘導大家換5G?",""
"1172",TRUE,"我也收到了，只是要綁33個月有點久",""
"1173",TRUE,"靠！市話縮水",""
"1174",TRUE,"這個方案很優了阿",""
"1175",TRUE,"之前都0.5 1% 用hami導購都比line好 XD",""
"1176",TRUE,"中華山下頗慢",""
"1177",TRUE,"台星山上山下都快",""
"1178",TRUE,"我自己是用台星我覺得蠻夠用的阿我還可以開分享給用中華的室友",""
"1179",TRUE,"台星算不錯了啊",""
"1180",TRUE,"以前用遠傳真的爛爆",""
"1181",TRUE,"台哥大就好啦",""
"1182",TRUE,"Fox+美劇 「毒雪紛飛」 第一季缺第2集，我看這邊都回覆叫人通報中華800客服，但打去800客服又說請聯絡fox,問題 fox又公告請聯絡中華電信，到底要怎麼辦阿？？？",""
"1183",TRUE,"亞太 無收訊 沒網路 再便宜也無用--",""
"1184",TRUE,"吃到飽的有點貴誒",""
"1185",TRUE,"看的資費方案後，還是續用4G吧。費率京人還要換手機，開銷不小。",""
"1186",TRUE,"太貴了吧",""
"1187",TRUE,"中華對一些五百元內客戶不是很看重",""
"1188",TRUE,"怪不得我用家裡的電腦開不了推特（或開了看不到圖），但用手機（無框）上網就可以暢滑無阻，原來是中華電信的問題嗎！",""
"1189",TRUE,"遠傳最快",""
"1190",TRUE,"開了二台Tab S7+ 5G平板用HAMI VIDEO APP收視 目前在室內用4G連線看了一局很順不卡頓感覺不錯！",""
"1191",TRUE,"請問各位登入中華電信app會這樣嗎？想查個帳單但是總是顯示忙碌或網路慢或是在登入的時候顯示登入成功，卻沒有轉換頁面卡在登 入畫面我是iPhone 7+，iOS 14.3不知道是不是只有我會這樣...--",""
"1192",TRUE,"三小，為啥中華電信要取消信用卡自動訂閱？有啥理由？",""
"1193",TRUE,"亞太可以跑到20，但同時段的中華卻不行，唉",""
"1194",TRUE,"亞太比中華，遠傳好",""
"1195",TRUE,"希望大家不要辦中華拜託大家了",""
"1196",TRUE,"最近中華回到家都被限到剩10M，捷運和公司是正常的 拿老婆每月10G的中華試也一樣被限10M",""
"1197",TRUE,"生活圈中華ok順順用",""
"1198",TRUE,"幸福199~ 我爸媽非常滿意",""
"1199",TRUE,"中華在文大才是最爛的",""
"1200",TRUE,"用了貴公司的hamivideo多年了，之前使用CHROMECAST投放至電視看電影都沒問題，可是最近有很多影片都無法投放 ，只能在手機正常撥放。",""
"1201",TRUE,"這方案有比較優嗎？",""
"1202",TRUE,"換5g手機後遠傳說開通5g體驗1個月 到現在也沒看過變5g網路還變慢",""
"1203",TRUE,"中華電信也是完全跑不動",""
"1204",TRUE,"跨年的現場訊號也是很慘呀",""
"1205",TRUE,"便宜的台星囉",""
"1206",TRUE,",中華給 了我縮水通話的499續約方案,我就不想續約了",""
"1207",TRUE,"問題在中華電信定價高於4G",""
"1208",TRUE,"中華電信4G中午顯示滿格，結果沒網路用測速軟體看，上下傳都低於1kb但12:50-55左右 網路又突然復活可以到7-8Mb請問這種有解嗎QQ--",""
"1209",TRUE,"信號函蓋就中華而已。",""
"1210",TRUE,"中華的月租費只能往上不能往下！ 699月租不能辦499 488就更不用想了,沒有老客戶的份 除非你是別家電信NP來中華這樣子你的優惠條件會比幾十年的中華老客戶好",""
"1211",TRUE,"中華電信是不是怪怪的啊",""
"1212",TRUE,"前天受不了測了一下台哥大也是在秀下限…",""
"1213",TRUE,"通話似乎很慘",""
"1214",TRUE,"網路倒是不錯",""
"1215",TRUE,"公教不都488嗎 你的比較貴XD",""
"1216",TRUE,"網路超級不穩",""
"1217",TRUE,"靠網路很糟",""
"1218",TRUE,"垃",""
"1219",TRUE,"中華和亞太，都在玩限速2. 01M的大地遊戲，連3G時代均速都不到，還期待啥快5-10倍，3G時代最高速是75M，現在4G最低速是2.01M，大家有 沒有覺得世事如棋、乾坤莫測、笑盡....大家還是用最便宜的就好",""
"1220",TRUE,"中華和亞太，都在玩限速2. 01M的大地遊戲，連3G時代均速都不到，還期待啥快5-10倍，3G時代最高速是75M，現在4G最低速是2.01M，大家有 沒有覺得世事如棋、乾坤莫測、笑盡....大家還是用最便宜的就好",""
"1221",TRUE,"也給遠傳洗臉，象徵中華跟台哥大是6月同天開台，而遠傳卻要到7月才開台",""
"1222",TRUE,"台哥根本不是三雄…",""
"1223",TRUE,"中華超卡，慢到要切成3G還比較快",""
"1224",TRUE,"5G覆蓋率就真的不行",""
"1225",TRUE,"證明遠傳設計的比較好 <U+0001F44D>",""
"1226",TRUE,"亞太：陪公子練劍",""
"1227",TRUE,"台哥大不安，我也不安",""
"1228",TRUE,"紀錄片貧脊到 可悲",""
"1229",TRUE,"位元率太低畫質很糟糕",""
"1230",TRUE,"幹嘛還訂閱fox+",""
"1231",TRUE,"中華一直很強 也很貴",""
"1232",TRUE,"這就是坑錢啊。",""
"1233",TRUE,"一直被當盤仔繳錢（她中華的）每個月都繳1399",""
"1234",TRUE,"HamiPay 再度無法下載",""
"1235",TRUE,"台哥大算中規中矩",""
"1236",TRUE,"中華我辦過試用卡 很慘",""
"1237",TRUE,"中華那樣看個YOUTUBE可以一直轉圈",""
"1238",TRUE,"以前問中華電信說想要裝都不給裝",""
"1239",TRUE,"GtPay的""智慧繳費""很好用",""
"1240",TRUE,"亞太這麼沒志氣",""
"1241",TRUE,"Hami Point用途多多",""
"1242",TRUE,"租myvideo黑魔女2來看爽",""
"1243",TRUE,"推在家看myvideo",""
"1244",TRUE,"穩定的中華電信",""
"1245",TRUE,"反推遠遊卡，超崩潰",""
"1246",TRUE,"有上限還叫吃到飽?",""
"1247",TRUE,"中華只有收費沒有品質嗎？",""
"1248",TRUE,"不限速吃到飽這399還不 錯",""
"1249",TRUE,"319速度比較慢",""
"1250",TRUE,"hami這個活動挺不錯的",""
"1251",TRUE,"看電影然後又有hami點數拿真的蠻爽的~",""
"1252",TRUE,"常用myVideo看電影，費用其實不會太高",""
"1253",TRUE,"我中華電信也會卡耶這一定是統戰",""
"1254",TRUE,"MyVideo免費也很多",""
"1255",TRUE,"同推myVideo介面很好上手 分類滿細 也常常有推薦的片單然後它也有家庭方案 月費沒有Netflix這麼高 算滿親民的",""
"1256",TRUE,"比過年前還慢",""
"1257",TRUE,"慢到閃退 差點殺人！",""
"1258",TRUE,"亞太又放棄，郭董你還是把亞太賣給有心經營的人吧！",""
"1259",TRUE,"用過都說”幹”",""
"1260",TRUE,"資費稍高應該是可以接受的",""
"1261",TRUE,"沒比亞太難用吧？",""
"1262",TRUE,"台哥大最好使",""
"1263",TRUE,"這個費率已經比以前輕鬆很多了",""
"1264",TRUE,"對其品質較有信心",""
"1265",TRUE,"不考慮488+空機，老媽覺得麻煩",""
"1266",TRUE,"回覆完全敷衍了事",""
"1267",TRUE,"預付卡 只有悲劇而已",""
"1268",TRUE,"比較慢+1",""
"1269",TRUE,"中華吃不飽",""
"1270",TRUE,"台哥好像跟遠傳五五波",""
"1271",TRUE,"遠傳直營自營選擇看櫃員是不是好人，被通訊行坑過但也被直營唬爛過",""
"1272",TRUE,"爽，又是中華跟遠傳佔最多~!!",""
"1273",TRUE,"續約488是不可能的，我 21年老客戶了，沒有任何留我的意思",""
"1274",TRUE,"亞太比較落漆",""
"1275",TRUE,"我用亞太也是很順",""
"1276",TRUE,"中華，不知道是我經過的區域使用人特別多還是其他原因，就是用一用突然很頓",""
"1277",TRUE,"還是中華好用",""
"1278",TRUE,"遠傳的表現真的不好",""
"1279",TRUE,"不是中華電信的問題,默默的切回4G,為速度而生,因比較而死!",""
"1280",TRUE,"中華現在死角蠻多的 別以為在市區會沒事",""
"1281",TRUE,"市區一堆人用中華自然慢",""
"1282",TRUE,"打遊戲打到一半也可以斷線 4G還可以變成3G",""
"1283",TRUE,"台灣之星也不錯 說不定有天能迎頭趕上喔",""
"1284",TRUE,"我本身主門號是遠傳電信，我感受不到統計該有的體驗。",""
"1285",TRUE,"中華品質向來表現穩定有口碑",""
"1286",TRUE,"國營事業不意外…",""
"1287",TRUE,"有錢決定一切",""
"1288",TRUE,"傻瓜才抓CH，拜託...綁了快30年，跑了 N遍仍要不到優惠",""
"1289",TRUE,"台星5G＝三雄4.5G",""
"1290",TRUE,"辦499根本盤",""
"1291",TRUE,"中華就最沒誠意又摳門昨天那圖示就消失大概中華覺得太多人在等這個簽到，賺不到儲值的錢",""
"1292",TRUE,"辣些說遠傳糞的 我看你們是沒享受過台灣之星吼",""
"1293",TRUE,"中華在下班後每天都塞得 很慘",""
"1294",TRUE,"5G網路排名是1.中華2.遠傳3.台灣大4.台星之星，亞太直接出局!",""
"1295",TRUE,"遠傳超屌 客戶少了中華3百萬以上 頻寬跟中華只差10M Hz 平均來說 遠傳比中華快多了",""
"1296",TRUE,"中華+台哥大合體 & 在5G非吃到飽部分比較有創意",""
